機關代碼,段,小段,代碼,備註,所區碼,縣市別代碼,鄉鎮名稱,事務所名稱
"387160000A","繼光","一","1","","BA01","66000","中區","中山地政事務所"
"387160000A","繼光","二","2","","BA01","66000","中區","中山地政事務所"
"387160000A","繼光","三","3","","BA01","66000","中區","中山地政事務所"
"387160000A","繼光","四","4","","BA01","66000","中區","中山地政事務所"
"387160000A","繼光","五","5","","BA01","66000","中區","中山地政事務所"
"387160000A","繼光","六","6","","BA01","66000","中區","中山地政事務所"
"387160000A","自由","一","7","","BA01","66000","中區","中山地政事務所"
"387160000A","自由","二","8","","BA01","66000","中區","中山地政事務所"
"387160000A","自由","三","9","","BA01","66000","中區","中山地政事務所"
"387160000A","自由","四","10","","BA01","66000","中區","中山地政事務所"
"387160000A","自由","五","11","","BA01","66000","中區","中山地政事務所"
"387160000A","自由","六","12","","BA01","66000","中區","中山地政事務所"
"387160000A","自由","七","13","","BA01","66000","中區","中山地政事務所"
"387160000A","綠川","一","14","","BA01","66000","中區","中山地政事務所"
"387160000A","綠川","二","15","","BA01","66000","中區","中山地政事務所"
"387160000A","綠川","三","16","","BA01","66000","中區","中山地政事務所"
"387160000A","綠川","四","17","","BA01","66000","中區","中山地政事務所"
"387160000A","綠川","五","18","","BA01","66000","中區","中山地政事務所"
"387160000A","綠川","六","19","","BA01","66000","中區","中山地政事務所"
"387160000A","重慶","一","20","","BA01","66000","中區","中山地政事務所"
"387160000A","重慶","二","21","","BA01","66000","中區","中山地政事務所"
"387160000A","重慶","三","22","","BA01","66000","中區","中山地政事務所"
"387160000A","重慶","四","23","","BA01","66000","中區","中山地政事務所"
"387160000A","重慶","五","24","","BA01","66000","中區","中山地政事務所"
"387160000A","重慶","六","25","","BA01","66000","中區","中山地政事務所"
"387160000A","建國","一","26","","BA01","66000","中區","中山地政事務所"
"387160000A","建國","二","27","","BA01","66000","中區","中山地政事務所"
"387160000A","建國","三","28","","BA01","66000","中區","中山地政事務所"
"387160000A","建國","四","29","","BA01","66000","中區","中山地政事務所"
"387160000A","建國","五","30","","BA01","66000","中區","中山地政事務所"
"387160000A","仁愛","一","31","","BA01","66000","中區","中山地政事務所"
"387160000A","仁愛","二","32","","BA01","66000","中區","中山地政事務所"
"387160000A","仁愛","三","33","","BA01","66000","中區","中山地政事務所"
"387160000A","仁愛","四","34","","BA01","66000","中區","中山地政事務所"
"387160000A","仁愛","五","35","","BA01","66000","中區","中山地政事務所"
"387160000A","仁愛","六","36","","BA01","66000","中區","中山地政事務所"
"387160000A","仁愛","七","37","","BA01","66000","中區","中山地政事務所"
"387160000A","平等","一","38","","BA01","66000","中區","中山地政事務所"
"387160000A","平等","二","39","","BA01","66000","中區","中山地政事務所"
"387160000A","平等","三","40","","BA01","66000","中區","中山地政事務所"
"387160000A","平等","四","41","","BA01","66000","中區","中山地政事務所"
"387160000A","平等","五","42","","BA01","66000","中區","中山地政事務所"
"387160000A","平等","六","43","","BA01","66000","中區","中山地政事務所"
"387160000A","中墩","一","44","","BA01","66000","中區","中山地政事務所"
"387160000A","中墩","二","45","","BA01","66000","中區","中山地政事務所"
"387160000A","中墩","三","46","","BA01","66000","中區","中山地政事務所"
"387160000A","中墩","四","47","","BA01","66000","中區","中山地政事務所"
"387160000A","中墩","五","48","","BA01","66000","中區","中山地政事務所"
"387160000A","中墩","六","49","","BA01","66000","中區","中山地政事務所"
"387160000A","中墩","七","50","","BA01","66000","中區","中山地政事務所"
"387160000A","柳川","一","51","","BA01","66000","中區","中山地政事務所"
"387160000A","柳川","二","52","","BA01","66000","中區","中山地政事務所"
"387160000A","柳川","三","53","","BA01","66000","中區","中山地政事務所"
"387160000A","柳川","四","54","","BA01","66000","中區","中山地政事務所"
"387160000A","柳川","五","55","","BA01","66000","中區","中山地政事務所"
"387160000A","柳川","六","56","","BA01","66000","中區","中山地政事務所"
"387160000A","柳川","七","57","","BA01","66000","中區","中山地政事務所"
"387160000A","中華","一","58","","BA01","66000","中區","中山地政事務所"
"387160000A","中華","二","59","","BA01","66000","中區","中山地政事務所"
"387160000A","中華","三","60","","BA01","66000","中區","中山地政事務所"
"387160000A","中華","四","61","","BA01","66000","中區","中山地政事務所"
"387160000A","中華","五","62","","BA01","66000","中區","中山地政事務所"
"387160000A","中華","六","63","","BA01","66000","中區","中山地政事務所"
"387160000A","中華","七","64","","BA01","66000","中區","中山地政事務所"
"387160000A","尚武","","300","","BA02","66000","東區","中山地政事務所"
"387160000A","練武","","301","","BA02","66000","東區","中山地政事務所"
"387160000A","復興","一","302","","BA02","66000","東區","中山地政事務所"
"387160000A","復興","二","303","","BA02","66000","東區","中山地政事務所"
"387160000A","復興","三","304","","BA02","66000","東區","中山地政事務所"
"387160000A","復興","四","305","","BA02","66000","東區","中山地政事務所"
"387160000A","復興","五","306","","BA02","66000","東區","中山地政事務所"
"387160000A","復興","六","307","","BA02","66000","東區","中山地政事務所"
"387160000A","東勢子","","308","","BA02","66000","東區","中山地政事務所"
"387160000A","忠孝","一","309","","BA02","66000","東區","中山地政事務所"
"387160000A","忠孝","二","310","","BA02","66000","東區","中山地政事務所"
"387160000A","忠孝","三","311","","BA02","66000","東區","中山地政事務所"
"387160000A","忠孝","四","312","","BA02","66000","東區","中山地政事務所"
"387160000A","忠孝","五","313","","BA02","66000","東區","中山地政事務所"
"387160000A","忠孝","六","314","","BA02","66000","東區","中山地政事務所"
"387160000A","樂業","","315","","BA02","66000","東區","中山地政事務所"
"387160000A","立德","一","316","","BA02","66000","東區","中山地政事務所"
"387160000A","立德","二","317","","BA02","66000","東區","中山地政事務所"
"387160000A","立德","三","318","","BA02","66000","東區","中山地政事務所"
"387160000A","立德","四","319","","BA02","66000","東區","中山地政事務所"
"387160000A","立德","五","320","","BA02","66000","東區","中山地政事務所"
"387160000A","立德","六","321","","BA02","66000","東區","中山地政事務所"
"387160000A","旱溪","","322","","BA02","66000","東區","中山地政事務所"
"387160000A","花園","一","323","","BA02","66000","東區","中山地政事務所"
"387160000A","花園","二","324","","BA02","66000","東區","中山地政事務所"
"387160000A","花園","三","325","","BA02","66000","東區","中山地政事務所"
"387160000A","花園","四","326","","BA02","66000","東區","中山地政事務所"
"387160000A","花園","五","327","","BA02","66000","東區","中山地政事務所"
"387160000A","花園","六","328","","BA02","66000","東區","中山地政事務所"
"387160000A","頂橋子頭","","329","","BA02","66000","東區","中山地政事務所"
"387160000A","旱清","","330","","BA02","66000","東區","中山地政事務所"
"387160000A","旱平","","331","","BA02","66000","東區","中山地政事務所"
"387160000A","旱新","","332","","BA02","66000","東區","中山地政事務所"
"387160000A","振興","","333","","BA02","66000","東區","中山地政事務所"
"387160000A","泉源","","334","","BA02","66000","東區","中山地政事務所"
"387160000A","新庄","","335","","BA02","66000","東區","中山地政事務所"
"387160000A","大智","","336","","BA02","66000","東區","中山地政事務所"
"387160000A","大公","","337","","BA02","66000","東區","中山地政事務所"
"387160000A","福成","","338","","BA02","66000","東區","中山地政事務所"
"387160000A","東橋","","339","增編","BA02","66000","東區","中山地政事務所"
"387160000A","東興","","340","增編","BA02","66000","東區","中山地政事務所"
"387160000A","半平厝","","500","","BA03","66000","南區","中山地政事務所"
"387160000A","萬安","一","501","","BA03","66000","南區","中山地政事務所"
"387160000A","萬安","二","502","","BA03","66000","南區","中山地政事務所"
"387160000A","萬安","三","503","","BA03","66000","南區","中山地政事務所"
"387160000A","萬安","四","504","","BA03","66000","南區","中山地政事務所"
"387160000A","萬安","五","505","","BA03","66000","南區","中山地政事務所"
"387160000A","萬安","六","506","","BA03","66000","南區","中山地政事務所"
"387160000A","萬安","七","507","","BA03","66000","南區","中山地政事務所"
"387160000A","萬安","八","508","","BA03","66000","南區","中山地政事務所"
"387160000A","萬安","九","509","","BA03","66000","南區","中山地政事務所"
"387160000A","正義","一","510","","BA03","66000","南區","中山地政事務所"
"387160000A","正義","二","511","","BA03","66000","南區","中山地政事務所"
"387160000A","正義","三","512","","BA03","66000","南區","中山地政事務所"
"387160000A","正義","四","513","","BA03","66000","南區","中山地政事務所"
"387160000A","正義","五","514","","BA03","66000","南區","中山地政事務所"
"387160000A","正義","六","515","","BA03","66000","南區","中山地政事務所"
"387160000A","正義","七","516","","BA03","66000","南區","中山地政事務所"
"387160000A","正義","八","517","","BA03","66000","南區","中山地政事務所"
"387160000A","正義","九","518","","BA03","66000","南區","中山地政事務所"
"387160000A","城隍","一","519","","BA03","66000","南區","中山地政事務所"
"387160000A","城隍","二","520","","BA03","66000","南區","中山地政事務所"
"387160000A","城隍","三","521","","BA03","66000","南區","中山地政事務所"
"387160000A","城隍","四","522","","BA03","66000","南區","中山地政事務所"
"387160000A","城隍","五","523","","BA03","66000","南區","中山地政事務所"
"387160000A","城隍","六","524","","BA03","66000","南區","中山地政事務所"
"387160000A","城隍","七","525","","BA03","66000","南區","中山地政事務所"
"387160000A","城隍","八","526","","BA03","66000","南區","中山地政事務所"
"387160000A","城隍","九","527","","BA03","66000","南區","中山地政事務所"
"387160000A","樹子腳","","528","","BA03","66000","南區","中山地政事務所"
"387160000A","番婆","","529","","BA03","66000","南區","中山地政事務所"
"387160000A","下橋子頭","","530","","BA03","66000","南區","中山地政事務所"
"387160000A","頂橋子頭","","531","","BA03","66000","南區","中山地政事務所"
"387160000A","信義","一","532","","BA03","66000","南區","中山地政事務所"
"387160000A","信義","二","533","","BA03","66000","南區","中山地政事務所"
"387160000A","信義","三","534","","BA03","66000","南區","中山地政事務所"
"387160000A","信義","四","535","","BA03","66000","南區","中山地政事務所"
"387160000A","信義","五","536","","BA03","66000","南區","中山地政事務所"
"387160000A","信義","六","537","","BA03","66000","南區","中山地政事務所"
"387160000A","信義","七","538","","BA03","66000","南區","中山地政事務所"
"387160000A","信義","八","539","","BA03","66000","南區","中山地政事務所"
"387160000A","信義","九","540","","BA03","66000","南區","中山地政事務所"
"387160000A","大慶","","541","","BA03","66000","南區","中山地政事務所"
"387160000A","合作","","542","","BA03","66000","南區","中山地政事務所"
"387160000A","國光","","543","增編","BA03","66000","南區","中山地政事務所"
"387160000A","南門","","544","增編","BA03","66000","南區","中山地政事務所"
"387160000A","麻園頭","","700","","BA04","66000","西區","中山地政事務所"
"387160000A","東昇","一","701","","BA04","66000","西區","中山地政事務所"
"387160000A","東昇","二","702","","BA04","66000","西區","中山地政事務所"
"387160000A","東昇","三","703","","BA04","66000","西區","中山地政事務所"
"387160000A","東昇","四","704","","BA04","66000","西區","中山地政事務所"
"387160000A","東昇","五","705","","BA04","66000","西區","中山地政事務所"
"387160000A","東昇","六","706","","BA04","66000","西區","中山地政事務所"
"387160000A","東昇","七","707","","BA04","66000","西區","中山地政事務所"
"387160000A","東昇","八","708","","BA04","66000","西區","中山地政事務所"
"387160000A","東昇","九","709","","BA04","66000","西區","中山地政事務所"
"387160000A","平和","","710","","BA04","66000","西區","中山地政事務所"
"387160000A","光明","一","711","","BA04","66000","西區","中山地政事務所"
"387160000A","光明","二","712","","BA04","66000","西區","中山地政事務所"
"387160000A","光明","三","713","","BA04","66000","西區","中山地政事務所"
"387160000A","光明","四","714","","BA04","66000","西區","中山地政事務所"
"387160000A","光明","五","715","","BA04","66000","西區","中山地政事務所"
"387160000A","光明","六","716","","BA04","66000","西區","中山地政事務所"
"387160000A","光明","七","717","","BA04","66000","西區","中山地政事務所"
"387160000A","民生","一","718","","BA04","66000","西區","中山地政事務所"
"387160000A","民生","二","719","","BA04","66000","西區","中山地政事務所"
"387160000A","民生","三","720","","BA04","66000","西區","中山地政事務所"
"387160000A","民生","四","721","","BA04","66000","西區","中山地政事務所"
"387160000A","民生","五","722","","BA04","66000","西區","中山地政事務所"
"387160000A","平民","一","723","","BA04","66000","西區","中山地政事務所"
"387160000A","平民","二","724","","BA04","66000","西區","中山地政事務所"
"387160000A","平民","三","725","","BA04","66000","西區","中山地政事務所"
"387160000A","平民","四","726","","BA04","66000","西區","中山地政事務所"
"387160000A","平民","五","727","","BA04","66000","西區","中山地政事務所"
"387160000A","平民","六","728","","BA04","66000","西區","中山地政事務所"
"387160000A","平民","七","729","","BA04","66000","西區","中山地政事務所"
"387160000A","平民","八","730","","BA04","66000","西區","中山地政事務所"
"387160000A","平民","九","731","","BA04","66000","西區","中山地政事務所"
"387160000A","利民","一","732","","BA04","66000","西區","中山地政事務所"
"387160000A","利民","二","733","","BA04","66000","西區","中山地政事務所"
"387160000A","利民","三","734","","BA04","66000","西區","中山地政事務所"
"387160000A","利民","四","735","","BA04","66000","西區","中山地政事務所"
"387160000A","利民","五","736","","BA04","66000","西區","中山地政事務所"
"387160000A","利民","六","737","","BA04","66000","西區","中山地政事務所"
"387160000A","利民","七","738","","BA04","66000","西區","中山地政事務所"
"387160000A","中民","一","739","","BA04","66000","西區","中山地政事務所"
"387160000A","中民","二","740","","BA04","66000","西區","中山地政事務所"
"387160000A","中民","三","741","","BA04","66000","西區","中山地政事務所"
"387160000A","中民","四","742","","BA04","66000","西區","中山地政事務所"
"387160000A","中民","五","743","","BA04","66000","西區","中山地政事務所"
"387160000A","中民","六","744","","BA04","66000","西區","中山地政事務所"
"387160000A","中民","七","745","","BA04","66000","西區","中山地政事務所"
"387160000A","中民","八","746","","BA04","66000","西區","中山地政事務所"
"387160000A","中民","九","747","","BA04","66000","西區","中山地政事務所"
"387160000A","三民","一","748","","BA04","66000","西區","中山地政事務所"
"387160000A","三民","二","749","","BA04","66000","西區","中山地政事務所"
"387160000A","三民","三","750","","BA04","66000","西區","中山地政事務所"
"387160000A","三民","四","751","","BA04","66000","西區","中山地政事務所"
"387160000A","三民","五","752","","BA04","66000","西區","中山地政事務所"
"387160000A","三民","六","753","","BA04","66000","西區","中山地政事務所"
"387160000A","三民","七","754","","BA04","66000","西區","中山地政事務所"
"387160000A","後壠子","","755","","BA04","66000","西區","中山地政事務所"
"387160000A","福壽","一","756","","BA04","66000","西區","中山地政事務所"
"387160000A","福壽","二","757","","BA04","66000","西區","中山地政事務所"
"387160000A","福壽","三","758","","BA04","66000","西區","中山地政事務所"
"387160000A","公館","","759","","BA04","66000","西區","中山地政事務所"
"387160000A","土庫","","760","","BA04","66000","西區","中山地政事務所"
"387160000A","大益","","761","","BA04","66000","西區","中山地政事務所"
"387160000A","科博","","762","","BA04","66000","西區","中山地政事務所"
"387160000A","藍興","","763","","BA04","66000","西區","中山地政事務所"
"387160000A","五權","","764","","BA04","66000","西區","中山地政事務所"
"387160000A","美舘","","765","","BA04","66000","西區","中山地政事務所"
"387160000A","吉龍","","766","","BA04","66000","西區","中山地政事務所"
"387160000A","公民","","767","","BA04","66000","西區","中山地政事務所"
"387160000A","博館","","768","","BA04","66000","西區","中山地政事務所"
"387160000A","大勇","","769","增編","BA04","66000","西區","中山地政事務所"
"387160000A","大忠","","770","增編","BA04","66000","西區","中山地政事務所"
"387160000A","文正","","1000","","BB05","66000","北區","中正地政事務所"
"387160000A","水源","","1001","","BB05","66000","北區","中正地政事務所"
"387160000A","錦村","","1002","","BB05","66000","北區","中正地政事務所"
"387160000A","乾溝子","","1003","","BB05","66000","北區","中正地政事務所"
"387160000A","賴厝廍","","1004","","BB05","66000","北區","中正地政事務所"
"387160000A","邱厝子","","1005","","BB05","66000","北區","中正地政事務所"
"387160000A","中清","","1006","","BB05","66000","北區","中正地政事務所"
"387160000A","中德","","1007","","BB05","66000","北區","中正地政事務所"
"387160000A","中興","","1008","","BB05","66000","北區","中正地政事務所"
"387160000A","東義","","1009","","BB05","66000","北區","中正地政事務所"
"387160000A","天祥","","1010","","BB05","66000","北區","中正地政事務所"
"387160000A","新賴厝廍一","","1011","","BB05","66000","北區","中正地政事務所"
"387160000A","新賴厝廍二","","1012","","BB05","66000","北區","中正地政事務所"
"387160000A","新賴厝廍三","","1013","","BB05","66000","北區","中正地政事務所"
"387160000A","新賴厝廍五","","1014","","BB05","66000","北區","中正地政事務所"
"387160000A","新賴厝廍六","","1015","","BB05","66000","北區","中正地政事務所"
"387160000A","新賴厝廍七","","1016","","BB05","66000","北區","中正地政事務所"
"387160000A","新賴厝廍八","","1017","","BB05","66000","北區","中正地政事務所"
"387160000A","新賴厝廍九","","1018","","BB05","66000","北區","中正地政事務所"
"387160000A","邱厝一","","1019","增編","BB05","66000","北區","中正地政事務所"
"387160000A","邱厝二","","1020","增編","BB05","66000","北區","中正地政事務所"
"387160000A","邱厝三","","1021","增編","BB05","66000","北區","中正地政事務所"
"387160000A","邱厝五","","1022","增編","BB05","66000","北區","中正地政事務所"
"387160000A","西屯","","1600","調整","BC06","66000","西屯區","中興地政事務所"
"387160000A","潮洋","","1601","註銷","BC06","66000","西屯區","中興地政事務所"
"387160000A","水堀頭","","1602","註銷","BC06","66000","西屯區","中興地政事務所"
"387160000A","上牛埔子","","1603","註銷","BC06","66000","西屯區","中興地政事務所"
"387160000A","林厝","","1604","註銷","BC06","66000","西屯區","中興地政事務所"
"387160000A","下石碑","","1605","調整","BC06","66000","西屯區","中興地政事務所"
"387160000A","上石碑","","1606","調整","BC06","66000","西屯區","中興地政事務所"
"387160000A","馬龍潭","","1607","註銷","BC06","66000","西屯區","中興地政事務所"
"387160000A","八張犁","","1608","註銷","BC06","66000","西屯區","中興地政事務所"
"387160000A","港尾子","","1609","註銷","BC06","66000","西屯區","中興地政事務所"
"387160000A","下七張犁","","1610","註銷","BC06","66000","西屯區","中興地政事務所"
"387160000A","惠來厝","","1611","調整","BC06","66000","西屯區","中興地政事務所"
"387160000A","何厝","","1612","調整","BC06","66000","西屯區","中興地政事務所"
"387160000A","福安","","1613","調整","BC06","66000","西屯區","中興地政事務所"
"387160000A","中和","","1614","調整","BC06","66000","西屯區","中興地政事務所"
"387160000A","中義","","1615","調整","BC06","66000","西屯區","中興地政事務所"
"387160000A","中正","","1616","調整","BC06","66000","西屯區","中興地政事務所"
"387160000A","中仁","","1617","調整","BC06","66000","西屯區","中興地政事務所"
"387160000A","協和","","1618","調整","BC06","66000","西屯區","中興地政事務所"
"387160000A","大明","","1619","調整","BC06","66000","西屯區","中興地政事務所"
"387160000A","大墩","","1620","調整","BC06","66000","西屯區","中興地政事務所"
"387160000A","何安","","1621","調整","BC06","66000","西屯區","中興地政事務所"
"387160000A","永安","","1622","調整","BC06","66000","西屯區","中興地政事務所"
"387160000A","順安","","1623","調整","BC06","66000","西屯區","中興地政事務所"
"387160000A","信安","","1624","調整","BC06","66000","西屯區","中興地政事務所"
"387160000A","民安","","1625","調整","BC06","66000","西屯區","中興地政事務所"
"387160000A","國安","","1626","調整","BC06","66000","西屯區","中興地政事務所"
"387160000A","安和","","1627","調整","BC06","66000","西屯區","中興地政事務所"
"387160000A","順和","","1628","調整","BC06","66000","西屯區","中興地政事務所"
"387160000A","惠國","","1629","","BC06","66000","西屯區","中興地政事務所"
"387160000A","惠民","","1630","","BC06","66000","西屯區","中興地政事務所"
"387160000A","惠安","","1631","","BC06","66000","西屯區","中興地政事務所"
"387160000A","惠泰","","1632","","BC06","66000","西屯區","中興地政事務所"
"387160000A","惠順","","1633","","BC06","66000","西屯區","中興地政事務所"
"387160000A","廣順","","1634","","BC06","66000","西屯區","中興地政事務所"
"387160000A","廣昌","","1635","","BC06","66000","西屯區","中興地政事務所"
"387160000A","廣福","","1636","","BC06","66000","西屯區","中興地政事務所"
"387160000A","廣明","","1637","","BC06","66000","西屯區","中興地政事務所"
"387160000A","廣安","","1638","","BC06","66000","西屯區","中興地政事務所"
"387160000A","協成","","1639","","BC06","66000","西屯區","中興地政事務所"
"387160000A","協仁","","1640","","BC06","66000","西屯區","中興地政事務所"
"387160000A","協安","","1641","","BC06","66000","西屯區","中興地政事務所"
"387160000A","東林","","1642","","BC06","66000","西屯區","中興地政事務所"
"387160000A","安林","","1643","","BC06","66000","西屯區","中興地政事務所"
"387160000A","永林","","1644","","BC06","66000","西屯區","中興地政事務所"
"387160000A","福林","","1645","","BC06","66000","西屯區","中興地政事務所"
"387160000A","龍門","","1646","","BC06","66000","西屯區","中興地政事務所"
"387160000A","福星","","1647","","BC06","66000","西屯區","中興地政事務所"
"387160000A","福德","","1648","","BC06","66000","西屯區","中興地政事務所"
"387160000A","上石碑","湳子","1649","註銷","BC06","66000","西屯區","中興地政事務所"
"387160000A","福順","","1650","","BC06","66000","西屯區","中興地政事務所"
"387160000A","福和","","1651","","BC06","66000","西屯區","中興地政事務所"
"387160000A","龍富","","1652","","BC06","66000","西屯區","中興地政事務所"
"387160000A","鑫港尾","","1653","","BC06","66000","西屯區","中興地政事務所"
"387160000A","鑫大鵬","","1654","","BC06","66000","西屯區","中興地政事務所"
"387160000A","生態","","1655","","BC06","66000","西屯區","中興地政事務所"
"387160000A","經貿","","1656","","BC06","66000","西屯區","中興地政事務所"
"387160000A","逢大","","1657","","BC06","66000","西屯區","中興地政事務所"
"387160000A","文商","","1658","","BC06","66000","西屯區","中興地政事務所"
"387160000A","環廣","","1659","","BC06","66000","西屯區","中興地政事務所"
"387160000A","順新","","1660","增編","BC06","66000","西屯區","中興地政事務所"
"387160000A","南屯","","2000","調整","BC07","66000","南屯區","中興地政事務所"
"387160000A","埔興","","2001","調整","BC07","66000","南屯區","中興地政事務所"
"387160000A","楓樹","","2002","調整","BC07","66000","南屯區","中興地政事務所"
"387160000A","文山","","2003","調整","BC07","66000","南屯區","中興地政事務所"
"387160000A","楓興","","2004","調整","BC07","66000","南屯區","中興地政事務所"
"387160000A","豐安","","2005","調整","BC07","66000","南屯區","中興地政事務所"
"387160000A","豐樂","","2006","調整","BC07","66000","南屯區","中興地政事務所"
"387160000A","知高","","2007","調整","BC07","66000","南屯區","中興地政事務所"
"387160000A","溝子墘","","2008","調整","BC07","66000","南屯區","中興地政事務所"
"387160000A","番社腳","","2009","註銷","BC07","66000","南屯區","中興地政事務所"
"387160000A","三塊厝","","2010","調整","BC07","66000","南屯區","中興地政事務所"
"387160000A","田心","","2011","調整","BC07","66000","南屯區","中興地政事務所"
"387160000A","山子腳","","2012","調整","BC07","66000","南屯區","中興地政事務所"
"387160000A","黎明","","2013","調整","BC07","66000","南屯區","中興地政事務所"
"387160000A","同安厝","","2014","註銷","BC07","66000","南屯區","中興地政事務所"
"387160000A","新生","","2015","調整","BC07","66000","南屯區","中興地政事務所"
"387160000A","鎮南","","2016","調整","BC07","66000","南屯區","中興地政事務所"
"387160000A","鎮安","","2017","調整","BC07","66000","南屯區","中興地政事務所"
"387160000A","永定","","2018","調整","BC07","66000","南屯區","中興地政事務所"
"387160000A","大進","","2019","調整","BC07","66000","南屯區","中興地政事務所"
"387160000A","大新","","2020","調整","BC07","66000","南屯區","中興地政事務所"
"387160000A","寶山","","2021","調整","BC07","66000","南屯區","中興地政事務所"
"387160000A","保安","","2022","調整","BC07","66000","南屯區","中興地政事務所"
"387160000A","春社","","2023","調整","BC07","66000","南屯區","中興地政事務所"
"387160000A","春安","","2024","調整","BC07","66000","南屯區","中興地政事務所"
"387160000A","豐功","","2025","","BC07","66000","南屯區","中興地政事務所"
"387160000A","豐富","","2026","","BC07","66000","南屯區","中興地政事務所"
"387160000A","豐業","","2027","","BC07","66000","南屯區","中興地政事務所"
"387160000A","惠仁","","2028","","BC07","66000","南屯區","中興地政事務所"
"387160000A","惠義","","2029","","BC07","66000","南屯區","中興地政事務所"
"387160000A","惠禮","","2030","","BC07","66000","南屯區","中興地政事務所"
"387160000A","惠智","","2031","","BC07","66000","南屯區","中興地政事務所"
"387160000A","惠信","","2032","","BC07","66000","南屯區","中興地政事務所"
"387160000A","寶文","","2033","","BC07","66000","南屯區","中興地政事務所"
"387160000A","台安","","2034","","BC07","66000","南屯區","中興地政事務所"
"387160000A","麻糍埔","","2035","註銷","BC07","66000","南屯區","中興地政事務所"
"387160000A","下楓樹腳","","2036","註銷","BC07","66000","南屯區","中興地政事務所"
"387160000A","下牛埔子","","2037","註銷","BC07","66000","南屯區","中興地政事務所"
"387160000A","鎮平","","2038","註銷","BC07","66000","南屯區","中興地政事務所"
"387160000A","水碓","","2039","註銷","BC07","66000","南屯區","中興地政事務所"
"387160000A","新庄子","","2040","註銷","BC07","66000","南屯區","中興地政事務所"
"387160000A","劉厝","","2041","註銷","BC07","66000","南屯區","中興地政事務所"
"387160000A","永定厝","","2042","註銷","BC07","66000","南屯區","中興地政事務所"
"387160000A","永春","","2043","","BC07","66000","南屯區","中興地政事務所"
"387160000A","永新","","2044","","BC07","66000","南屯區","中興地政事務所"
"387160000A","三富","","2045","","BC07","66000","南屯區","中興地政事務所"
"387160000A","永富","","2046","","BC07","66000","南屯區","中興地政事務所"
"387160000A","新富","","2047","","BC07","66000","南屯區","中興地政事務所"
"387160000A","建功","","2048","","BC07","66000","南屯區","中興地政事務所"
"387160000A","鎮福","","2049","","BC07","66000","南屯區","中興地政事務所"
"387160000A","楓溪","","2050","","BC07","66000","南屯區","中興地政事務所"
"387160000A","樂田","","2051","","BC07","66000","南屯區","中興地政事務所"
"387160000A","昌明","","2052","","BC07","66000","南屯區","中興地政事務所"
"387160000A","永益","","2053","","BC07","66000","南屯區","中興地政事務所"
"387160000A","永豐","","2054","","BC07","66000","南屯區","中興地政事務所"
"387160000A","寶上","","2055","增編","BC07","66000","南屯區","中興地政事務所"
"387160000A","北屯","","1100","","BB08","66000","北屯區","中正地政事務所"
"387160000A","水湳","","1101","","BB08","66000","北屯區","中正地政事務所"
"387160000A","陳平","","1102","","BB08","66000","北屯區","中正地政事務所"
"387160000A","水景頭","","1103","註銷","BB08","66000","北屯區","中正地政事務所"
"387160000A","舊社","","1104","註銷","BB08","66000","北屯區","中正地政事務所"
"387160000A","軍功寮","","1105","註銷","BB08","66000","北屯區","中正地政事務所"
"387160000A","大坑","","1106","更正","BB08","66000","北屯區","中正地政事務所"
"387160000A","𠖎子","","1107","註銷","BB08","66000","北屯區","中正地政事務所"
"387160000A","同榮","","1108","","BB08","66000","北屯區","中正地政事務所"
"387160000A","仁和","","1109","","BB08","66000","北屯區","中正地政事務所"
"387160000A","仁美","","1110","","BB08","66000","北屯區","中正地政事務所"
"387160000A","仁德","","1111","","BB08","66000","北屯區","中正地政事務所"
"387160000A","松觀","","1112","","BB08","66000","北屯區","中正地政事務所"
"387160000A","松茂","","1113","","BB08","66000","北屯區","中正地政事務所"
"387160000A","松竹","","1114","","BB08","66000","北屯區","中正地政事務所"
"387160000A","松昌","","1115","","BB08","66000","北屯區","中正地政事務所"
"387160000A","東峰","","1116","","BB08","66000","北屯區","中正地政事務所"
"387160000A","東光","","1117","","BB08","66000","北屯區","中正地政事務所"
"387160000A","平田","","1118","","BB08","66000","北屯區","中正地政事務所"
"387160000A","東正","","1119","","BB08","66000","北屯區","中正地政事務所"
"387160000A","東山","","1120","","BB08","66000","北屯區","中正地政事務所"
"387160000A","東新","","1121","","BB08","66000","北屯區","中正地政事務所"
"387160000A","東信","","1122","","BB08","66000","北屯區","中正地政事務所"
"387160000A","建安","","1123","","BB08","66000","北屯區","中正地政事務所"
"387160000A","建功","","1124","","BB08","66000","北屯區","中正地政事務所"
"387160000A","建和","","1125","","BB08","66000","北屯區","中正地政事務所"
"387160000A","建業","","1126","","BB08","66000","北屯區","中正地政事務所"
"387160000A","青萍","","1127","","BB08","66000","北屯區","中正地政事務所"
"387160000A","青雲","","1128","","BB08","66000","北屯區","中正地政事務所"
"387160000A","青田","","1129","","BB08","66000","北屯區","中正地政事務所"
"387160000A","長生","","1130","","BB08","66000","北屯區","中正地政事務所"
"387160000A","長安","","1131","","BB08","66000","北屯區","中正地政事務所"
"387160000A","長春","","1132","","BB08","66000","北屯區","中正地政事務所"
"387160000A","大觀","","1133","","BB08","66000","北屯區","中正地政事務所"
"387160000A","大興","","1134","","BB08","66000","北屯區","中正地政事務所"
"387160000A","大仁","","1135","","BB08","66000","北屯區","中正地政事務所"
"387160000A","崇德","","1136","","BB08","66000","北屯區","中正地政事務所"
"387160000A","昌平","","1137","","BB08","66000","北屯區","中正地政事務所"
"387160000A","軍和","","1138","","BB08","66000","北屯區","中正地政事務所"
"387160000A","軍福","","1139","","BB08","66000","北屯區","中正地政事務所"
"387160000A","倡和","","1140","","BB08","66000","北屯區","中正地政事務所"
"387160000A","景美","","1141","","BB08","66000","北屯區","中正地政事務所"
"387160000A","景東","","1142","","BB08","66000","北屯區","中正地政事務所"
"387160000A","大學","","1143","","BB08","66000","北屯區","中正地政事務所"
"387160000A","大滿","","1144","","BB08","66000","北屯區","中正地政事務所"
"387160000A","大湖","","1145","","BB08","66000","北屯區","中正地政事務所"
"387160000A","大榮","","1146","","BB08","66000","北屯區","中正地政事務所"
"387160000A","大昌","","1147","","BB08","66000","北屯區","中正地政事務所"
"387160000A","大盛","","1148","","BB08","66000","北屯區","中正地政事務所"
"387160000A","大華","","1149","","BB08","66000","北屯區","中正地政事務所"
"387160000A","大富","","1150","","BB08","66000","北屯區","中正地政事務所"
"387160000A","大貴","","1151","","BB08","66000","北屯區","中正地政事務所"
"387160000A","大豐","","1152","","BB08","66000","北屯區","中正地政事務所"
"387160000A","太祥","","1153","","BB08","66000","北屯區","中正地政事務所"
"387160000A","太原","","1154","","BB08","66000","北屯區","中正地政事務所"
"387160000A","太和","","1155","","BB08","66000","北屯區","中正地政事務所"
"387160000A","太順","","1156","","BB08","66000","北屯區","中正地政事務所"
"387160000A","四張犁","","1157","註銷","BB08","66000","北屯區","中正地政事務所"
"387160000A","后庄子","","1158","註銷","BB08","66000","北屯區","中正地政事務所"
"387160000A","水汴頭","","1159","註銷","BB08","66000","北屯區","中正地政事務所"
"387160000A","上七張犁","","1160","註銷","BB08","66000","北屯區","中正地政事務所"
"387160000A","二分埔","","1161","註銷","BB08","66000","北屯區","中正地政事務所"
"387160000A","三分埔","","1162","註銷","BB08","66000","北屯區","中正地政事務所"
"387160000A","大政","","1163","","BB08","66000","北屯區","中正地政事務所"
"387160000A","和平","","1164","","BB08","66000","北屯區","中正地政事務所"
"387160000A","景福","","1165","","BB08","66000","北屯區","中正地政事務所"
"387160000A","鑫新平","","1166","","BB08","66000","北屯區","中正地政事務所"
"387160000A","南興","","1167","","BB08","66000","北屯區","中正地政事務所"
"387160000A","竹興","","1168","","BB08","66000","北屯區","中正地政事務所"
"387160000A","創研","","1169","","BB08","66000","北屯區","中正地政事務所"
"387160000A","文北","","1170","","BB08","66000","北屯區","中正地政事務所"
"387160000A","溝背","","1171","","BB08","66000","北屯區","中正地政事務所"
"387160000A","碧柳","","1172","","BB08","66000","北屯區","中正地政事務所"
"387160000A","榮德","","1173","","BB08","66000","北屯區","中正地政事務所"
"387160000A","洲際","","1174","","BB08","66000","北屯區","中正地政事務所"
"387160000A","環中","","1175","","BB08","66000","北屯區","中正地政事務所"
"387160000A","敦和","","1176","","BB08","66000","北屯區","中正地政事務所"
"387160000A","仁平","","1177","","BB08","66000","北屯區","中正地政事務所"
"387160000A","美和","","1178","","BB08","66000","北屯區","中正地政事務所"
"387160000A","江興","","1179","增編","BB08","66000","北屯區","中正地政事務所"
"387160000A","景中","","1180","增編","BB08","66000","北屯區","中正地政事務所"
"387160000A","景順","","1181","增編","BB08","66000","北屯區","中正地政事務所"
"387160000A","景南","","1182","增編","BB08","66000","北屯區","中正地政事務所"
"387160000A","豐原","","2400","","BD09","66000","豐原區","豐原地政事務所"
"387160000A","大湳","","2401","","BD09","66000","豐原區","豐原地政事務所"
"387160000A","下南坑","","2402","","BD09","66000","豐原區","豐原地政事務所"
"387160000A","上南坑","","2403","","BD09","66000","豐原區","豐原地政事務所"
"387160000A","圳寮","","2404","","BD09","66000","豐原區","豐原地政事務所"
"387160000A","翁子","","2405","","BD09","66000","豐原區","豐原地政事務所"
"387160000A","鐮子坑口","","2406","註銷","BD09","66000","豐原區","豐原地政事務所"
"387160000A","社皮","","2407","","BD09","66000","豐原區","豐原地政事務所"
"387160000A","朴子口","","2408","","BD09","66000","豐原區","豐原地政事務所"
"387160000A","烏牛欄","烏牛欄","2409","更正","BD09","66000","豐原區","豐原地政事務所"
"387160000A","烏牛欄","田心子","2410","註銷","BD09","66000","豐原區","豐原地政事務所"
"387160000A","車路墘","車路墘","2411","","BD09","66000","豐原區","豐原地政事務所"
"387160000A","車路墘","溝子墘","2412","","BD09","66000","豐原區","豐原地政事務所"
"387160000A","北陽","","2413","","BD09","66000","豐原區","豐原地政事務所"
"387160000A","向陽","","2414","","BD09","66000","豐原區","豐原地政事務所"
"387160000A","中陽","","2415","","BD09","66000","豐原區","豐原地政事務所"
"387160000A","陽明","","2416","","BD09","66000","豐原區","豐原地政事務所"
"387160000A","博愛","","2417","","BD09","66000","豐原區","豐原地政事務所"
"387160000A","東陽","","2418","","BD09","66000","豐原區","豐原地政事務所"
"387160000A","豐東","","2419","","BD09","66000","豐原區","豐原地政事務所"
"387160000A","綠山","","2420","註銷","BD09","66000","豐原區","豐原地政事務所"
"387160000A","南陽","","2421","","BD09","66000","豐原區","豐原地政事務所"
"387160000A","安康","","2422","","BD09","66000","豐原區","豐原地政事務所"
"387160000A","南村","","2423","","BD09","66000","豐原區","豐原地政事務所"
"387160000A","慈興","","2424","","BD09","66000","豐原區","豐原地政事務所"
"387160000A","東湳","","2425","","BD09","66000","豐原區","豐原地政事務所"
"387160000A","大順","","2426","","BD09","66000","豐原區","豐原地政事務所"
"387160000A","大仁","","2427","","BD09","66000","豐原區","豐原地政事務所"
"387160000A","豐中","","2428","","BD09","66000","豐原區","豐原地政事務所"
"387160000A","龍宮","","2429","","BD09","66000","豐原區","豐原地政事務所"
"387160000A","西湳","","2430","","BD09","66000","豐原區","豐原地政事務所"
"387160000A","豐洲","","2431","","BD09","66000","豐原區","豐原地政事務所"
"387160000A","豐南","","2432","","BD09","66000","豐原區","豐原地政事務所"
"387160000A","柑宅","","2433","","BD09","66000","豐原區","豐原地政事務所"
"387160000A","豐田","","2434","","BD09","66000","豐原區","豐原地政事務所"
"387160000A","鎮宮","","2435","","BD09","66000","豐原區","豐原地政事務所"
"387160000A","福德","","2436","","BD09","66000","豐原區","豐原地政事務所"
"387160000A","市政","","2437","","BD09","66000","豐原區","豐原地政事務所"
"387160000A","育仁","","2438","","BD09","66000","豐原區","豐原地政事務所"
"387160000A","合作","","2439","","BD09","66000","豐原區","豐原地政事務所"
"387160000A","成功","","2440","更正","BD09","66000","豐原區","豐原地政事務所"
"387160000A","水源","","2441","註銷","BD09","66000","豐原區","豐原地政事務所"
"387160000A","豐村","","2442","","BD09","66000","豐原區","豐原地政事務所"
"387160000A","永豐","","2443","","BD09","66000","豐原區","豐原地政事務所"
"387160000A","翁明","","2444","","BD09","66000","豐原區","豐原地政事務所"
"387160000A","三豐","","2445","","BD09","66000","豐原區","豐原地政事務所"
"387160000A","下街","","2446","","BD09","66000","豐原區","豐原地政事務所"
"387160000A","豐圳","","2447","","BD09","66000","豐原區","豐原地政事務所"
"387160000A","建成","","2448","","BD09","66000","豐原區","豐原地政事務所"
"387160000A","一心","","2449","","BD09","66000","豐原區","豐原地政事務所"
"387160000A","五汴","","2450","","BD09","66000","豐原區","豐原地政事務所"
"387160000A","豐社","","2451","","BD09","66000","豐原區","豐原地政事務所"
"387160000A","豐年","","2452","","BD09","66000","豐原區","豐原地政事務所"
"387160000A","萬年","","2453","","BD09","66000","豐原區","豐原地政事務所"
"387160000A","福興","","2454","","BD09","66000","豐原區","豐原地政事務所"
"387160000A","順豐","","2455","","BD09","66000","豐原區","豐原地政事務所"
"387160000A","萬順","","2456","","BD09","66000","豐原區","豐原地政事務所"
"387160000A","師範","","2457","","BD09","66000","豐原區","豐原地政事務所"
"387160000A","聯合","","2458","","BD09","66000","豐原區","豐原地政事務所"
"387160000A","葫蘆墩","","2459","","BD09","66000","豐原區","豐原地政事務所"
"387160000A","豐陽","","2460","","BD09","66000","豐原區","豐原地政事務所"
"387160000A","南田","","2461","","BD09","66000","豐原區","豐原地政事務所"
"387160000A","新水源","","2462","","BD09","66000","豐原區","豐原地政事務所"
"387160000A","南嵩","","2463","","BD09","66000","豐原區","豐原地政事務所"
"387160000A","新東陽","","2464","","BD09","66000","豐原區","豐原地政事務所"
"387160000A","新綠山","","2465","","BD09","66000","豐原區","豐原地政事務所"
"387160000A","復興","","2466","","BD09","66000","豐原區","豐原地政事務所"
"387160000A","朝陽","","2467","","BD09","66000","豐原區","豐原地政事務所"
"387160000A","鐮村","","2468","","BD09","66000","豐原區","豐原地政事務所"
"387160000A","鳳山","","2469","","BD09","66000","豐原區","豐原地政事務所"
"387160000A","豐新","","2470","","BD09","66000","豐原區","豐原地政事務所"
"387160000A","三陽","","2471","","BD09","66000","豐原區","豐原地政事務所"
"387160000A","三和","","2472","","BD09","66000","豐原區","豐原地政事務所"
"387160000A","福陽","","2473","","BD09","66000","豐原區","豐原地政事務所"
"387160000A","東湳北","","2474","","BD09","66000","豐原區","豐原地政事務所"
"387160000A","西湳北","","2475","","BD09","66000","豐原區","豐原地政事務所"
"387160000A","北天","","2476","","BD09","66000","豐原區","豐原地政事務所"
"387160000A","中興","","2477","","BD09","66000","豐原區","豐原地政事務所"
"387160000A","博安","","2478","","BD09","66000","豐原區","豐原地政事務所"
"387160000A","議前","","2479","","BD09","66000","豐原區","豐原地政事務所"
"387160000A","三村","","2480","","BD09","66000","豐原區","豐原地政事務所"
"387160000A","公老坪","","2481","","BD09","66000","豐原區","豐原地政事務所"
"387160000A","豐栗","","2482","增編","BD09","66000","豐原區","豐原地政事務所"
"387160000A","東勢","東勢","5400","","BG10","66000","東勢區","東勢地政事務所"
"387160000A","東勢","上新","5401","","BG10","66000","東勢區","東勢地政事務所"
"387160000A","東勢","下新","5402","","BG10","66000","東勢區","東勢地政事務所"
"387160000A","東勢","石角","5403","","BG10","66000","東勢區","東勢地政事務所"
"387160000A","東勢","中嵙","5404","","BG10","66000","東勢區","東勢地政事務所"
"387160000A","校栗埔","上校栗埔","5405","","BG10","66000","東勢區","東勢地政事務所"
"387160000A","校栗埔","下校栗埔","5406","","BG10","66000","東勢區","東勢地政事務所"
"387160000A","石圍墻","石圍墻","5407","","BG10","66000","東勢區","東勢地政事務所"
"387160000A","石圍墻","埤頭山","5408","","BG10","66000","東勢區","東勢地政事務所"
"387160000A","石壁坑","","5409","","BG10","66000","東勢區","東勢地政事務所"
"387160000A","新伯公","新伯公","5410","","BG10","66000","東勢區","東勢地政事務所"
"387160000A","新伯公","上城","5411","","BG10","66000","東勢區","東勢地政事務所"
"387160000A","新伯公","下城","5412","","BG10","66000","東勢區","東勢地政事務所"
"387160000A","新伯公","番社","5413","","BG10","66000","東勢區","東勢地政事務所"
"387160000A","大茅埔","","5414","","BG10","66000","東勢區","東勢地政事務所"
"387160000A","互助","","5415","註銷","BG10","66000","東勢區","東勢地政事務所"
"387160000A","合作","","5416","註銷","BG10","66000","東勢區","東勢地政事務所"
"387160000A","新盛","","5417","","BG10","66000","東勢區","東勢地政事務所"
"387160000A","興林","","5418","","BG10","66000","東勢區","東勢地政事務所"
"387160000A","詒福","","5419","","BG10","66000","東勢區","東勢地政事務所"
"387160000A","詒新","","5420","","BG10","66000","東勢區","東勢地政事務所"
"387160000A","保民","","5421","","BG10","66000","東勢區","東勢地政事務所"
"387160000A","慶安","","5422","","BG10","66000","東勢區","東勢地政事務所"
"387160000A","羊崎","","5423","","BG10","66000","東勢區","東勢地政事務所"
"387160000A","和興","","5424","","BG10","66000","東勢區","東勢地政事務所"
"387160000A","新成","","5425","","BG10","66000","東勢區","東勢地政事務所"
"387160000A","高簡","","5426","","BG10","66000","東勢區","東勢地政事務所"
"387160000A","福興","","5427","","BG10","66000","東勢區","東勢地政事務所"
"387160000A","新互助","","5428","","BG10","66000","東勢區","東勢地政事務所"
"387160000A","新合作","","5429","","BG10","66000","東勢區","東勢地政事務所"
"387160000A","泰昌","","5430","","BG10","66000","東勢區","東勢地政事務所"
"387160000A","文昌","","5431","","BG10","66000","東勢區","東勢地政事務所"
"387160000A","六合","","5432","","BG10","66000","東勢區","東勢地政事務所"
"387160000A","義渡","","5433","","BG10","66000","東勢區","東勢地政事務所"
"387160000A","仙師","","5434","","BG10","66000","東勢區","東勢地政事務所"
"387160000A","東安","","5435","","BG10","66000","東勢區","東勢地政事務所"
"387160000A","復興","","5436","","BG10","66000","東勢區","東勢地政事務所"
"387160000A","延平","","5437","","BG10","66000","東勢區","東勢地政事務所"
"387160000A","民誠","","5438","","BG10","66000","東勢區","東勢地政事務所"
"387160000A","興隆","","5439","","BG10","66000","東勢區","東勢地政事務所"
"387160000A","下新","","5440","","BG10","66000","東勢區","東勢地政事務所"
"387160000A","東新","","5441","","BG10","66000","東勢區","東勢地政事務所"
"387160000A","中山","","5442","","BG10","66000","東勢區","東勢地政事務所"
"387160000A","吊神山","","5443","","BG10","66000","東勢區","東勢地政事務所"
"387160000A","東崎","","5444","","BG10","66000","東勢區","東勢地政事務所"
"387160000A","東豐","","5445","","BG10","66000","東勢區","東勢地政事務所"
"387160000A","保豐","","5446","","BG10","66000","東勢區","東勢地政事務所"
"387160000A","玉高","","5447","","BG10","66000","東勢區","東勢地政事務所"
"387160000A","伯公","","5448","","BG10","66000","東勢區","東勢地政事務所"
"387160000A","茅埔西","","5449","","BG10","66000","東勢區","東勢地政事務所"
"387160000A","茅埔東","","5450","","BG10","66000","東勢區","東勢地政事務所"
"387160000A","慶東","","5451","","BG10","66000","東勢區","東勢地政事務所"
"387160000A","慶福","","5452","","BG10","66000","東勢區","東勢地政事務所"
"387160000A","坪埔","","5453","","BG10","66000","東勢區","東勢地政事務所"
"387160000A","石嵙","","5454","","BG10","66000","東勢區","東勢地政事務所"
"387160000A","石城","","5455","","BG10","66000","東勢區","東勢地政事務所"
"387160000A","埤頭","","5456","","BG10","66000","東勢區","東勢地政事務所"
"387160000A","石圍墻二","","5457","","BG10","66000","東勢區","東勢地政事務所"
"387160000A","石圍墻一","","5458","","BG10","66000","東勢區","東勢地政事務所"
"387160000A","東崎一","","5459","","BG10","66000","東勢區","東勢地政事務所"
"387160000A","中嵙一","","5460","增編","BG10","66000","東勢區","東勢地政事務所"
"387160000A","大甲","","3600","註銷","BE11","66000","大甲區","大甲地政事務所"
"387160000A","庄尾","","3601","註銷","BE11","66000","大甲區","大甲地政事務所"
"387160000A","山脚","頂山脚","3602","更正","BE11","66000","大甲區","大甲地政事務所"
"387160000A","山脚","下山脚","3603","註銷","BE11","66000","大甲區","大甲地政事務所"
"387160000A","營盤口","","3604","註銷","BE11","66000","大甲區","大甲地政事務所"
"387160000A","社尾","社尾","3605","更正","BE11","66000","大甲區","大甲地政事務所"
"387160000A","社尾","溪埔","3606","註銷","BE11","66000","大甲區","大甲地政事務所"
"387160000A","橫圳","","3607","更正","BE11","66000","大甲區","大甲地政事務所"
"387160000A","番子寮","","3608","註銷","BE11","66000","大甲區","大甲地政事務所"
"387160000A","外水尾","","3609","註銷","BE11","66000","大甲區","大甲地政事務所"
"387160000A","後厝子","","3610","註銷","BE11","66000","大甲區","大甲地政事務所"
"387160000A","六塊厝","","3611","註銷","BE11","66000","大甲區","大甲地政事務所"
"387160000A","頂店","","3612","更正","BE11","66000","大甲區","大甲地政事務所"
"387160000A","九張犁","九張犁","3613","更正","BE11","66000","大甲區","大甲地政事務所"
"387160000A","九張犁","六股","3614","註銷","BE11","66000","大甲區","大甲地政事務所"
"387160000A","日南","","3615","","BE11","66000","大甲區","大甲地政事務所"
"387160000A","五里牌","","3616","","BE11","66000","大甲區","大甲地政事務所"
"387160000A","日南社","","3617","更正","BE11","66000","大甲區","大甲地政事務所"
"387160000A","頂後厝子","","3618","","BE11","66000","大甲區","大甲地政事務所"
"387160000A","銅安厝","","3619","","BE11","66000","大甲區","大甲地政事務所"
"387160000A","新庄子","","3620","","BE11","66000","大甲區","大甲地政事務所"
"387160000A","雙寮","","3621","","BE11","66000","大甲區","大甲地政事務所"
"387160000A","西勢","","3622","","BE11","66000","大甲區","大甲地政事務所"
"387160000A","船頭埔","","3623","更正","BE11","66000","大甲區","大甲地政事務所"
"387160000A","甲嘉","","3624","","BE11","66000","大甲區","大甲地政事務所"
"387160000A","甲惠","","3625","","BE11","66000","大甲區","大甲地政事務所"
"387160000A","甲農","","3626","","BE11","66000","大甲區","大甲地政事務所"
"387160000A","甲民","","3627","","BE11","66000","大甲區","大甲地政事務所"
"387160000A","甲全","","3628","","BE11","66000","大甲區","大甲地政事務所"
"387160000A","幼獅","","3629","","BE11","66000","大甲區","大甲地政事務所"
"387160000A","朝陽","","3630","","BE11","66000","大甲區","大甲地政事務所"
"387160000A","孔門","","3631","","BE11","66000","大甲區","大甲地政事務所"
"387160000A","順天","","3632","","BE11","66000","大甲區","大甲地政事務所"
"387160000A","平安","","3633","","BE11","66000","大甲區","大甲地政事務所"
"387160000A","薰風","","3634","","BE11","66000","大甲區","大甲地政事務所"
"387160000A","光明","","3635","","BE11","66000","大甲區","大甲地政事務所"
"387160000A","新美","","3636","","BE11","66000","大甲區","大甲地政事務所"
"387160000A","岷山","","3637","","BE11","66000","大甲區","大甲地政事務所"
"387160000A","文武","","3638","","BE11","66000","大甲區","大甲地政事務所"
"387160000A","雁門","","3639","","BE11","66000","大甲區","大甲地政事務所"
"387160000A","和平","","3640","","BE11","66000","大甲區","大甲地政事務所"
"387160000A","武曲","","3641","","BE11","66000","大甲區","大甲地政事務所"
"387160000A","中山","","3642","","BE11","66000","大甲區","大甲地政事務所"
"387160000A","幸福","","3643","","BE11","66000","大甲區","大甲地政事務所"
"387160000A","南社","","3644","","BE11","66000","大甲區","大甲地政事務所"
"387160000A","太白","","3645","","BE11","66000","大甲區","大甲地政事務所"
"387160000A","日新","","3646","","BE11","66000","大甲區","大甲地政事務所"
"387160000A","黎明","","3647","","BE11","66000","大甲區","大甲地政事務所"
"387160000A","孟春","","3648","","BE11","66000","大甲區","大甲地政事務所"
"387160000A","臨江","","3649","","BE11","66000","大甲區","大甲地政事務所"
"387160000A","九張","","3650","","BE11","66000","大甲區","大甲地政事務所"
"387160000A","新興","","3651","","BE11","66000","大甲區","大甲地政事務所"
"387160000A","義水","","3652","","BE11","66000","大甲區","大甲地政事務所"
"387160000A","義和","","3653","","BE11","66000","大甲區","大甲地政事務所"
"387160000A","武陵","","3654","更正","BE11","66000","大甲區","大甲地政事務所"
"387160000A","文曲","","3655","","BE11","66000","大甲區","大甲地政事務所"
"387160000A","文安","","3656","","BE11","66000","大甲區","大甲地政事務所"
"387160000A","福順","","3657","","BE11","66000","大甲區","大甲地政事務所"
"387160000A","福德","","3658","","BE11","66000","大甲區","大甲地政事務所"
"387160000A","福安","","3659","","BE11","66000","大甲區","大甲地政事務所"
"387160000A","劍井","","3660","","BE11","66000","大甲區","大甲地政事務所"
"387160000A","永信","","3661","","BE11","66000","大甲區","大甲地政事務所"
"387160000A","金華","","3662","","BE11","66000","大甲區","大甲地政事務所"
"387160000A","致用","","3663","","BE11","66000","大甲區","大甲地政事務所"
"387160000A","文化","","3664","","BE11","66000","大甲區","大甲地政事務所"
"387160000A","德化","","3665","","BE11","66000","大甲區","大甲地政事務所"
"387160000A","賢仁","","3666","","BE11","66000","大甲區","大甲地政事務所"
"387160000A","奉化","","3667","","BE11","66000","大甲區","大甲地政事務所"
"387160000A","奉仁","","3668","","BE11","66000","大甲區","大甲地政事務所"
"387160000A","新銅安厝","","3669","","BE11","66000","大甲區","大甲地政事務所"
"387160000A","順帆","","3670","","BE11","66000","大甲區","大甲地政事務所"
"387160000A","渭水","","3671","","BE11","66000","大甲區","大甲地政事務所"
"387160000A","西岐","","3672","更正","BE11","66000","大甲區","大甲地政事務所"
"387160000A","建興","","3673","","BE11","66000","大甲區","大甲地政事務所"
"387160000A","如意","","3674","","BE11","66000","大甲區","大甲地政事務所"
"387160000A","海尾","","3675","","BE11","66000","大甲區","大甲地政事務所"
"387160000A","十甲","","3676","增編","BE11","66000","大甲區","大甲地政事務所"
"387160000A","龍泉","","3677","增編","BE11","66000","大甲區","大甲地政事務所"
"387160000A","清水","清水","4600","","BF12","66000","清水區","清水地政事務所"
"387160000A","清水","西勢","4601","","BF12","66000","清水區","清水地政事務所"
"387160000A","銀聯","","4602","","BF12","66000","清水區","清水地政事務所"
"387160000A","槺榔","","4603","","BF12","66000","清水區","清水地政事務所"
"387160000A","大突寮","大突寮","4604","","BF12","66000","清水區","清水地政事務所"
"387160000A","大突寮","十塊寮","4605","","BF12","66000","清水區","清水地政事務所"
"387160000A","秀水","秀水","4606","","BF12","66000","清水區","清水地政事務所"
"387160000A","海濱","","4607","","BF12","66000","清水區","清水地政事務所"
"387160000A","海濱","臨港","4608","","BF12","66000","清水區","清水地政事務所"
"387160000A","高美","","4609","","BF12","66000","清水區","清水地政事務所"
"387160000A","武秀","","4610","","BF12","66000","清水區","清水地政事務所"
"387160000A","三塊厝","三塊厝","4611","","BF12","66000","清水區","清水地政事務所"
"387160000A","三塊厝","菁埔","4612","","BF12","66000","清水區","清水地政事務所"
"387160000A","三塊厝","頂湳子","4613","","BF12","66000","清水區","清水地政事務所"
"387160000A","社口","社口","4614","","BF12","66000","清水區","清水地政事務所"
"387160000A","四塊厝","","4615","","BF12","66000","清水區","清水地政事務所"
"387160000A","田寮","田寮","4616","","BF12","66000","清水區","清水地政事務所"
"387160000A","田寮","橋頭","4617","","BF12","66000","清水區","清水地政事務所"
"387160000A","田寮","下湳子","4618","","BF12","66000","清水區","清水地政事務所"
"387160000A","楊厝寮","楊厝寮","4619","","BF12","66000","清水區","清水地政事務所"
"387160000A","楊厝寮","海風","4620","","BF12","66000","清水區","清水地政事務所"
"387160000A","三田","","4621","","BF12","66000","清水區","清水地政事務所"
"387160000A","裕嘉","","4622","","BF12","66000","清水區","清水地政事務所"
"387160000A","吳厝","吳厝","4623","","BF12","66000","清水區","清水地政事務所"
"387160000A","吳厝","橋頭寮","4624","","BF12","66000","清水區","清水地政事務所"
"387160000A","中興","","4625","","BF12","66000","清水區","清水地政事務所"
"387160000A","西寧","","4626","","BF12","66000","清水區","清水地政事務所"
"387160000A","光華","","4627","","BF12","66000","清水區","清水地政事務所"
"387160000A","紫雲","","4628","","BF12","66000","清水區","清水地政事務所"
"387160000A","新興","","4629","","BF12","66000","清水區","清水地政事務所"
"387160000A","鰲峰","","4630","","BF12","66000","清水區","清水地政事務所"
"387160000A","海風","","4631","","BF12","66000","清水區","清水地政事務所"
"387160000A","楊厝","","4632","","BF12","66000","清水區","清水地政事務所"
"387160000A","吳厝北","","4633","","BF12","66000","清水區","清水地政事務所"
"387160000A","吳厝南","","4634","","BF12","66000","清水區","清水地政事務所"
"387160000A","市鎮北","","4635","","BF12","66000","清水區","清水地政事務所"
"387160000A","甲南","","4636","","BF12","66000","清水區","清水地政事務所"
"387160000A","頂湳","","4637","","BF12","66000","清水區","清水地政事務所"
"387160000A","菁埔北","","4638","","BF12","66000","清水區","清水地政事務所"
"387160000A","菁埔南","","4639","","BF12","66000","清水區","清水地政事務所"
"387160000A","臨海","","4640","","BF12","66000","清水區","清水地政事務所"
"387160000A","朝天","","4641","","BF12","66000","清水區","清水地政事務所"
"387160000A","高美東","","4642","","BF12","66000","清水區","清水地政事務所"
"387160000A","高美南","","4643","","BF12","66000","清水區","清水地政事務所"
"387160000A","高美中","","4644","","BF12","66000","清水區","清水地政事務所"
"387160000A","高南","","4645","","BF12","66000","清水區","清水地政事務所"
"387160000A","高北","","4646","","BF12","66000","清水區","清水地政事務所"
"387160000A","高西","","4647","","BF12","66000","清水區","清水地政事務所"
"387160000A","金皇","","4648","","BF12","66000","清水區","清水地政事務所"
"387160000A","下湳","","4649","","BF12","66000","清水區","清水地政事務所"
"387160000A","朝興","","4650","","BF12","66000","清水區","清水地政事務所"
"387160000A","朝后","","4651","","BF12","66000","清水區","清水地政事務所"
"387160000A","東山","","4652","","BF12","66000","清水區","清水地政事務所"
"387160000A","公正","","4653","","BF12","66000","清水區","清水地政事務所"
"387160000A","星海","","4654","","BF12","66000","清水區","清水地政事務所"
"387160000A","西社","","4655","","BF12","66000","清水區","清水地政事務所"
"387160000A","鎮新","","4656","","BF12","66000","清水區","清水地政事務所"
"387160000A","橋頭","","4657","","BF12","66000","清水區","清水地政事務所"
"387160000A","五權","","4658","","BF12","66000","清水區","清水地政事務所"
"387160000A","三順","","4659","","BF12","66000","清水區","清水地政事務所"
"387160000A","清甲","","4660","","BF12","66000","清水區","清水地政事務所"
"387160000A","牛罵頭","","4661","增編","BF12","66000","清水區","清水地政事務所"
"387160000A","福安","","4662","增編","BF12","66000","清水區","清水地政事務所"
"387160000A","橋江","","4663","增編","BF12","66000","清水區","清水地政事務所"
"387160000A","沙鹿","沙鹿","4900","","BF13","66000","沙鹿區","清水地政事務所"
"387160000A","沙鹿","斗抵","4901","","BF13","66000","沙鹿區","清水地政事務所"
"387160000A","沙鹿","潭子墘","4902","","BF13","66000","沙鹿區","清水地政事務所"
"387160000A","鹿寮","","4903","","BF13","66000","沙鹿區","清水地政事務所"
"387160000A","北勢坑","北勢坑","4904","","BF13","66000","沙鹿區","清水地政事務所"
"387160000A","北勢坑","六路厝","4905","","BF13","66000","沙鹿區","清水地政事務所"
"387160000A","北勢坑","六埔","4906","","BF13","66000","沙鹿區","清水地政事務所"
"387160000A","竹林","竹林","4907","","BF13","66000","沙鹿區","清水地政事務所"
"387160000A","竹林","犁份","4908","","BF13","66000","沙鹿區","清水地政事務所"
"387160000A","公館","","4909","","BF13","66000","沙鹿區","清水地政事務所"
"387160000A","南勢坑","南勢坑","4910","","BF13","66000","沙鹿區","清水地政事務所"
"387160000A","南勢坑","埔子","4911","","BF13","66000","沙鹿區","清水地政事務所"
"387160000A","西勢寮","","4912","","BF13","66000","沙鹿區","清水地政事務所"
"387160000A","西勢","","4913","","BF13","66000","沙鹿區","清水地政事務所"
"387160000A","中清","","4914","","BF13","66000","沙鹿區","清水地政事務所"
"387160000A","明德","","4915","","BF13","66000","沙鹿區","清水地政事務所"
"387160000A","公館北","","4916","","BF13","66000","沙鹿區","清水地政事務所"
"387160000A","公館南","","4917","","BF13","66000","沙鹿區","清水地政事務所"
"387160000A","洛泉","","4918","","BF13","66000","沙鹿區","清水地政事務所"
"387160000A","晉江北","","4919","","BF13","66000","沙鹿區","清水地政事務所"
"387160000A","英才","","4920","","BF13","66000","沙鹿區","清水地政事務所"
"387160000A","東英","","4921","","BF13","66000","沙鹿區","清水地政事務所"
"387160000A","居仁","","4922","","BF13","66000","沙鹿區","清水地政事務所"
"387160000A","美仁","","4923","","BF13","66000","沙鹿區","清水地政事務所"
"387160000A","大同","","4924","","BF13","66000","沙鹿區","清水地政事務所"
"387160000A","福至","","4925","","BF13","66000","沙鹿區","清水地政事務所"
"387160000A","福興","","4926","","BF13","66000","沙鹿區","清水地政事務所"
"387160000A","東晉","","4927","","BF13","66000","沙鹿區","清水地政事務所"
"387160000A","福成","","4928","","BF13","66000","沙鹿區","清水地政事務所"
"387160000A","護安","","4929","","BF13","66000","沙鹿區","清水地政事務所"
"387160000A","成衣","","4930","","BF13","66000","沙鹿區","清水地政事務所"
"387160000A","南勢東","","4931","","BF13","66000","沙鹿區","清水地政事務所"
"387160000A","慶安","","4932","","BF13","66000","沙鹿區","清水地政事務所"
"387160000A","南勢","","4933","","BF13","66000","沙鹿區","清水地政事務所"
"387160000A","鹿峰東","","4934","","BF13","66000","沙鹿區","清水地政事務所"
"387160000A","鹿峰西","","4935","","BF13","66000","沙鹿區","清水地政事務所"
"387160000A","鹿寮東","","4936","","BF13","66000","沙鹿區","清水地政事務所"
"387160000A","沙工","","4937","","BF13","66000","沙鹿區","清水地政事務所"
"387160000A","沙工北","","4938","","BF13","66000","沙鹿區","清水地政事務所"
"387160000A","文光","","4939","","BF13","66000","沙鹿區","清水地政事務所"
"387160000A","太平","","4940","","BF13","66000","沙鹿區","清水地政事務所"
"387160000A","保寧","","4941","","BF13","66000","沙鹿區","清水地政事務所"
"387160000A","平等","","4942","","BF13","66000","沙鹿區","清水地政事務所"
"387160000A","六路","","4943","","BF13","66000","沙鹿區","清水地政事務所"
"387160000A","新竹林","","4944","","BF13","66000","沙鹿區","清水地政事務所"
"387160000A","紅竹","","4945","","BF13","66000","沙鹿區","清水地政事務所"
"387160000A","竹林東","","4946","","BF13","66000","沙鹿區","清水地政事務所"
"387160000A","福壽","","4947","","BF13","66000","沙鹿區","清水地政事務所"
"387160000A","興安","","4948","","BF13","66000","沙鹿區","清水地政事務所"
"387160000A","福田","","4949","","BF13","66000","沙鹿區","清水地政事務所"
"387160000A","新犁份","","4950","","BF13","66000","沙鹿區","清水地政事務所"
"387160000A","犁份東","","4951","","BF13","66000","沙鹿區","清水地政事務所"
"387160000A","大學","","4952","","BF13","66000","沙鹿區","清水地政事務所"
"387160000A","晉江東","","4953","","BF13","66000","沙鹿區","清水地政事務所"
"387160000A","六福","","4954","","BF13","66000","沙鹿區","清水地政事務所"
"387160000A","興安西","","4955","","BF13","66000","沙鹿區","清水地政事務所"
"387160000A","保成","","4956","","BF13","66000","沙鹿區","清水地政事務所"
"387160000A","自強","","4957","","BF13","66000","沙鹿區","清水地政事務所"
"387160000A","三鹿","","4958","","BF13","66000","沙鹿區","清水地政事務所"
"387160000A","國昌","","4959","","BF13","66000","沙鹿區","清水地政事務所"
"387160000A","正英","","4960","","BF13","66000","沙鹿區","清水地政事務所"
"387160000A","正義","","4961","","BF13","66000","沙鹿區","清水地政事務所"
"387160000A","明秀","","4962","","BF13","66000","沙鹿區","清水地政事務所"
"387160000A","榜文","","4963","","BF13","66000","沙鹿區","清水地政事務所"
"387160000A","興仁","","4964","","BF13","66000","沙鹿區","清水地政事務所"
"387160000A","新站","","4965","增編","BF13","66000","沙鹿區","清水地政事務所"
"387160000A","梧棲","","5200","","BF14","66000","梧棲區","清水地政事務所"
"387160000A","中港","","5201","註銷","BF14","66000","梧棲區","清水地政事務所"
"387160000A","民生","","5202","","BF14","66000","梧棲區","清水地政事務所"
"387160000A","忠孝","","5203","","BF14","66000","梧棲區","清水地政事務所"
"387160000A","南簡","","5204","","BF14","66000","梧棲區","清水地政事務所"
"387160000A","大庄","大庄","5205","","BF14","66000","梧棲區","清水地政事務所"
"387160000A","大庄","火燒橋","5206","","BF14","66000","梧棲區","清水地政事務所"
"387160000A","仁愛","","5207","","BF14","66000","梧棲區","清水地政事務所"
"387160000A","信義","","5208","","BF14","66000","梧棲區","清水地政事務所"
"387160000A","和平","","5209","","BF14","66000","梧棲區","清水地政事務所"
"387160000A","三民","","5210","","BF14","66000","梧棲區","清水地政事務所"
"387160000A","民族","","5211","","BF14","66000","梧棲區","清水地政事務所"
"387160000A","民權","","5212","","BF14","66000","梧棲區","清水地政事務所"
"387160000A","鴨母寮","鴨母寮","5213","","BF14","66000","梧棲區","清水地政事務所"
"387160000A","永安","","5214","","BF14","66000","梧棲區","清水地政事務所"
"387160000A","港口","","5215","","BF14","66000","梧棲區","清水地政事務所"
"387160000A","頂寮","","5216","","BF14","66000","梧棲區","清水地政事務所"
"387160000A","下寮","","5217","","BF14","66000","梧棲區","清水地政事務所"
"387160000A","西建","","5218","","BF14","66000","梧棲區","清水地政事務所"
"387160000A","東建","","5219","","BF14","66000","梧棲區","清水地政事務所"
"387160000A","安仁","","5220","","BF14","66000","梧棲區","清水地政事務所"
"387160000A","文化","","5221","","BF14","66000","梧棲區","清水地政事務所"
"387160000A","港加","","5222","","BF14","66000","梧棲區","清水地政事務所"
"387160000A","市鎮南","","5223","","BF14","66000","梧棲區","清水地政事務所"
"387160000A","興農","","5224","","BF14","66000","梧棲區","清水地政事務所"
"387160000A","三條圳","","5225","","BF14","66000","梧棲區","清水地政事務所"
"387160000A","庄北","","5226","","BF14","66000","梧棲區","清水地政事務所"
"387160000A","庄南","","5227","增編","BF14","66000","梧棲區","清水地政事務所"
"387160000A","后里","","3000","","BD15","66000","后里區","豐原地政事務所"
"387160000A","后里","后里","3001","","BD15","66000","后里區","豐原地政事務所"
"387160000A","牛稠坑","七星","3002","","BD15","66000","后里區","豐原地政事務所"
"387160000A","屯子腳","","3003","調整","BD15","66000","后里區","豐原地政事務所"
"387160000A","中和","","3004","","BD15","66000","后里區","豐原地政事務所"
"387160000A","舊社","","3005","","BD15","66000","后里區","豐原地政事務所"
"387160000A","圳寮","","3006","","BD15","66000","后里區","豐原地政事務所"
"387160000A","四塊厝","","3007","","BD15","66000","后里區","豐原地政事務所"
"387160000A","月眉","","3008","","BD15","66000","后里區","豐原地政事務所"
"387160000A","月眉","月眉","3009","","BD15","66000","后里區","豐原地政事務所"
"387160000A","牛稠坑","","3010","","BD15","66000","后里區","豐原地政事務所"
"387160000A","七塊厝","","3011","","BD15","66000","后里區","豐原地政事務所"
"387160000A","中社","","3012","","BD15","66000","后里區","豐原地政事務所"
"387160000A","公館","","3013","註銷","BD15","66000","后里區","豐原地政事務所"
"387160000A","新店","","3014","","BD15","66000","后里區","豐原地政事務所"
"387160000A","里城","","3015","","BD15","66000","后里區","豐原地政事務所"
"387160000A","金城","","3016","","BD15","66000","后里區","豐原地政事務所"
"387160000A","義里","","3017","","BD15","66000","后里區","豐原地政事務所"
"387160000A","后義","","3018","","BD15","66000","后里區","豐原地政事務所"
"387160000A","泉州","","3019","","BD15","66000","后里區","豐原地政事務所"
"387160000A","后豐","","3020","","BD15","66000","后里區","豐原地政事務所"
"387160000A","后興","","3021","","BD15","66000","后里區","豐原地政事務所"
"387160000A","廣興","","3022","","BD15","66000","后里區","豐原地政事務所"
"387160000A","文明","","3023","","BD15","66000","后里區","豐原地政事務所"
"387160000A","文德","","3024","","BD15","66000","后里區","豐原地政事務所"
"387160000A","公安","","3025","","BD15","66000","后里區","豐原地政事務所"
"387160000A","墩北","","3026","","BD15","66000","后里區","豐原地政事務所"
"387160000A","民富","","3027","","BD15","66000","后里區","豐原地政事務所"
"387160000A","文化","","3028","","BD15","66000","后里區","豐原地政事務所"
"387160000A","平安","","3029","","BD15","66000","后里區","豐原地政事務所"
"387160000A","墩南","","3030","","BD15","66000","后里區","豐原地政事務所"
"387160000A","新公館","","3031","","BD15","66000","后里區","豐原地政事務所"
"387160000A","舊圳","","3032","","BD15","66000","后里區","豐原地政事務所"
"387160000A","中和東","","3033","","BD15","66000","后里區","豐原地政事務所"
"387160000A","中和西","","3034","","BD15","66000","后里區","豐原地政事務所"
"387160000A","舊社新","","3035","","BD15","66000","后里區","豐原地政事務所"
"387160000A","十三張","","3036","","BD15","66000","后里區","豐原地政事務所"
"387160000A","四德","","3037","","BD15","66000","后里區","豐原地政事務所"
"387160000A","四塊庄","","3038","","BD15","66000","后里區","豐原地政事務所"
"387160000A","四月","","3039","","BD15","66000","后里區","豐原地政事務所"
"387160000A","口庄","","3040","","BD15","66000","后里區","豐原地政事務所"
"387160000A","后寶","","3041","","BD15","66000","后里區","豐原地政事務所"
"387160000A","后樟","","3042","","BD15","66000","后里區","豐原地政事務所"
"387160000A","后安","","3043","","BD15","66000","后里區","豐原地政事務所"
"387160000A","后科","","3044","","BD15","66000","后里區","豐原地政事務所"
"387160000A","眉山東","","3045","","BD15","66000","后里區","豐原地政事務所"
"387160000A","眉山西","","3046","","BD15","66000","后里區","豐原地政事務所"
"387160000A","中科北","","3047","","BD15","66000","后里區","豐原地政事務所"
"387160000A","中科南","","3048","","BD15","66000","后里區","豐原地政事務所"
"387160000A","新中社","","3049","","BD15","66000","后里區","豐原地政事務所"
"387160000A","泰安","","3050","","BD15","66000","后里區","豐原地政事務所"
"387160000A","金社庄","","3051","","BD15","66000","后里區","豐原地政事務所"
"387160000A","枋寮","","3052","","BD15","66000","后里區","豐原地政事務所"
"387160000A","后森","","3053","","BD15","66000","后里區","豐原地政事務所"
"387160000A","牛稠新","","3054","","BD15","66000","后里區","豐原地政事務所"
"387160000A","七星","","3055","","BD15","66000","后里區","豐原地政事務所"
"387160000A","新店東","","3056","增編","BD15","66000","后里區","豐原地政事務所"
"387160000A","新店西","","3057","增編","BD15","66000","后里區","豐原地政事務所"
"387160000A","神岡","","3300","","BD16","66000","神岡區","豐原地政事務所"
"387160000A","山皮","","3301","","BD16","66000","神岡區","豐原地政事務所"
"387160000A","北庄","","3302","","BD16","66000","神岡區","豐原地政事務所"
"387160000A","圳堵","","3303","","BD16","66000","神岡區","豐原地政事務所"
"387160000A","新庄子","","3304","","BD16","66000","神岡區","豐原地政事務所"
"387160000A","社口","","3305","","BD16","66000","神岡區","豐原地政事務所"
"387160000A","大社","","3306","","BD16","66000","神岡區","豐原地政事務所"
"387160000A","三角子","","3307","","BD16","66000","神岡區","豐原地政事務所"
"387160000A","社南","","3308","","BD16","66000","神岡區","豐原地政事務所"
"387160000A","建國","","3309","","BD16","66000","神岡區","豐原地政事務所"
"387160000A","下溪洲","后寮","3310","","BD16","66000","神岡區","豐原地政事務所"
"387160000A","下溪洲","後壁厝","3311","","BD16","66000","神岡區","豐原地政事務所"
"387160000A","望寮","","3312","","BD16","66000","神岡區","豐原地政事務所"
"387160000A","圳前","","3313","","BD16","66000","神岡區","豐原地政事務所"
"387160000A","福隆","","3314","","BD16","66000","神岡區","豐原地政事務所"
"387160000A","厚生","","3315","","BD16","66000","神岡區","豐原地政事務所"
"387160000A","林厝","","3316","","BD16","66000","神岡區","豐原地政事務所"
"387160000A","神圳","","3317","","BD16","66000","神岡區","豐原地政事務所"
"387160000A","順濟","","3318","","BD16","66000","神岡區","豐原地政事務所"
"387160000A","神林","","3319","","BD16","66000","神岡區","豐原地政事務所"
"387160000A","神洲","","3320","","BD16","66000","神岡區","豐原地政事務所"
"387160000A","大富","","3321","","BD16","66000","神岡區","豐原地政事務所"
"387160000A","岸裡","","3322","","BD16","66000","神岡區","豐原地政事務所"
"387160000A","大社東","","3323","","BD16","66000","神岡區","豐原地政事務所"
"387160000A","大洲","","3324","","BD16","66000","神岡區","豐原地政事務所"
"387160000A","前寮","","3325","","BD16","66000","神岡區","豐原地政事務所"
"387160000A","神工","","3326","","BD16","66000","神岡區","豐原地政事務所"
"387160000A","十五庄","","3327","","BD16","66000","神岡區","豐原地政事務所"
"387160000A","豐洲北","","3328","","BD16","66000","神岡區","豐原地政事務所"
"387160000A","豐工","","3329","","BD16","66000","神岡區","豐原地政事務所"
"387160000A","石橋","","3330","","BD16","66000","神岡區","豐原地政事務所"
"387160000A","大明","","3331","","BD16","66000","神岡區","豐原地政事務所"
"387160000A","大豐","","3332","","BD16","66000","神岡區","豐原地政事務所"
"387160000A","國豐","","3333","","BD16","66000","神岡區","豐原地政事務所"
"387160000A","三角東","","3334","","BD16","66000","神岡區","豐原地政事務所"
"387160000A","三角西","","3335","","BD16","66000","神岡區","豐原地政事務所"
"387160000A","光啟","","3336","","BD16","66000","神岡區","豐原地政事務所"
"387160000A","李洲","","3337","","BD16","66000","神岡區","豐原地政事務所"
"387160000A","溪洲","","3338","","BD16","66000","神岡區","豐原地政事務所"
"387160000A","竹圍","","3339","","BD16","66000","神岡區","豐原地政事務所"
"387160000A","朝清","","3340","","BD16","66000","神岡區","豐原地政事務所"
"387160000A","福庄","","3341","","BD16","66000","神岡區","豐原地政事務所"
"387160000A","仁愛","","3342","","BD16","66000","神岡區","豐原地政事務所"
"387160000A","光復","","3343","","BD16","66000","神岡區","豐原地政事務所"
"387160000A","新和","","3344","","BD16","66000","神岡區","豐原地政事務所"
"387160000A","新興","","3345","","BD16","66000","神岡區","豐原地政事務所"
"387160000A","新圳","","3346","","BD16","66000","神岡區","豐原地政事務所"
"387160000A","圳北","","3347","","BD16","66000","神岡區","豐原地政事務所"
"387160000A","六張","","3348","","BD16","66000","神岡區","豐原地政事務所"
"387160000A","溝心","","3349","","BD16","66000","神岡區","豐原地政事務所"
"387160000A","宋厝","","3350","","BD16","66000","神岡區","豐原地政事務所"
"387160000A","新社口","","3351","","BD16","66000","神岡區","豐原地政事務所"
"387160000A","庄前","","3352","","BD16","66000","神岡區","豐原地政事務所"
"387160000A","瓦磘腳","","3353","增編","BD16","66000","神岡區","豐原地政事務所"
"387160000A","潭子","","6700","","BH17","66000","潭子區","雅潭地政事務所"
"387160000A","甘蔗崙","","6701","","BH17","66000","潭子區","雅潭地政事務所"
"387160000A","校栗林","","6702","註銷","BH17","66000","潭子區","雅潭地政事務所"
"387160000A","東員寶","","6703","","BH17","66000","潭子區","雅潭地政事務所"
"387160000A","瓦𠐟子","","6704","","BH17","66000","潭子區","雅潭地政事務所"
"387160000A","茄荎角","","6705","註銷","BH17","66000","潭子區","雅潭地政事務所"
"387160000A","頭家厝","","6706","","BH17","66000","潭子區","雅潭地政事務所"
"387160000A","大埔厝","大埔厝","6707","","BH17","66000","潭子區","雅潭地政事務所"
"387160000A","大埔厝","牛埔子","6708","","BH17","66000","潭子區","雅潭地政事務所"
"387160000A","聚興","","6709","","BH17","66000","潭子區","雅潭地政事務所"
"387160000A","聚興","新興","6710","","BH17","66000","潭子區","雅潭地政事務所"
"387160000A","潭北","","6711","","BH17","66000","潭子區","雅潭地政事務所"
"387160000A","潭秀","","6712","","BH17","66000","潭子區","雅潭地政事務所"
"387160000A","潭陽","","6713","","BH17","66000","潭子區","雅潭地政事務所"
"387160000A","石牌","","6714","","BH17","66000","潭子區","雅潭地政事務所"
"387160000A","潭興","","6715","","BH17","66000","潭子區","雅潭地政事務所"
"387160000A","復興","","6716","","BH17","66000","潭子區","雅潭地政事務所"
"387160000A","聖宮","","6717","","BH17","66000","潭子區","雅潭地政事務所"
"387160000A","大新","","6718","","BH17","66000","潭子區","雅潭地政事務所"
"387160000A","甘潭","","6719","","BH17","66000","潭子區","雅潭地政事務所"
"387160000A","栗林","","6720","","BH17","66000","潭子區","雅潭地政事務所"
"387160000A","祥和","","6721","","BH17","66000","潭子區","雅潭地政事務所"
"387160000A","安和","","6722","","BH17","66000","潭子區","雅潭地政事務所"
"387160000A","潭富","","6723","","BH17","66000","潭子區","雅潭地政事務所"
"387160000A","工區","","6724","","BH17","66000","潭子區","雅潭地政事務所"
"387160000A","興華","","6725","","BH17","66000","潭子區","雅潭地政事務所"
"387160000A","僑忠","","6726","","BH17","66000","潭子區","雅潭地政事務所"
"387160000A","華泰","","6727","","BH17","66000","潭子區","雅潭地政事務所"
"387160000A","嘉仁","","6728","","BH17","66000","潭子區","雅潭地政事務所"
"387160000A","嘉豐","","6729","","BH17","66000","潭子區","雅潭地政事務所"
"387160000A","東寶一","","6730","","BH17","66000","潭子區","雅潭地政事務所"
"387160000A","東寶二","","6731","","BH17","66000","潭子區","雅潭地政事務所"
"387160000A","東寶三","","6732","","BH17","66000","潭子區","雅潭地政事務所"
"387160000A","東寶五","","6733","","BH17","66000","潭子區","雅潭地政事務所"
"387160000A","東寶六","","6734","","BH17","66000","潭子區","雅潭地政事務所"
"387160000A","東寶七","","6735","","BH17","66000","潭子區","雅潭地政事務所"
"387160000A","家興","","6736","","BH17","66000","潭子區","雅潭地政事務所"
"387160000A","頭張","","6737","","BH17","66000","潭子區","雅潭地政事務所"
"387160000A","中興","","6738","","BH17","66000","潭子區","雅潭地政事務所"
"387160000A","頭家","","6739","","BH17","66000","潭子區","雅潭地政事務所"
"387160000A","家福","","6740","","BH17","66000","潭子區","雅潭地政事務所"
"387160000A","中山","","6741","","BH17","66000","潭子區","雅潭地政事務所"
"387160000A","摘星","","6742","","BH17","66000","潭子區","雅潭地政事務所"
"387160000A","大豐","","6743","","BH17","66000","潭子區","雅潭地政事務所"
"387160000A","大富","","6744","","BH17","66000","潭子區","雅潭地政事務所"
"387160000A","弘富","","6745","","BH17","66000","潭子區","雅潭地政事務所"
"387160000A","大德","","6746","","BH17","66000","潭子區","雅潭地政事務所"
"387160000A","牛埔","","6747","","BH17","66000","潭子區","雅潭地政事務所"
"387160000A","帝君","","6748","","BH17","66000","潭子區","雅潭地政事務所"
"387160000A","豐興","","6749","","BH17","66000","潭子區","雅潭地政事務所"
"387160000A","僑興","","6750","","BH17","66000","潭子區","雅潭地政事務所"
"387160000A","興龍","","6751","","BH17","66000","潭子區","雅潭地政事務所"
"387160000A","田興","","6752","","BH17","66000","潭子區","雅潭地政事務所"
"387160000A","新潭","","6753","","BH17","66000","潭子區","雅潭地政事務所"
"387160000A","寶興","","6754","","BH17","66000","潭子區","雅潭地政事務所"
"387160000A","新田","","6755","增編","BH17","66000","潭子區","雅潭地政事務所"
"387160000A","大雅","","7000","","BH18","66000","大雅區","雅潭地政事務所"
"387160000A","埔子墘","","7001","","BH18","66000","大雅區","雅潭地政事務所"
"387160000A","上橫山","","7002","","BH18","66000","大雅區","雅潭地政事務所"
"387160000A","下橫山","","7003","","BH18","66000","大雅區","雅潭地政事務所"
"387160000A","上員林","","7004","","BH18","66000","大雅區","雅潭地政事務所"
"387160000A","下員林","","7005","","BH18","66000","大雅區","雅潭地政事務所"
"387160000A","四塊厝","","7006","","BH18","66000","大雅區","雅潭地政事務所"
"387160000A","六張犂","","7007","","BH18","66000","大雅區","雅潭地政事務所"
"387160000A","十三寮","","7008","","BH18","66000","大雅區","雅潭地政事務所"
"387160000A","花眉","","7009","","BH18","66000","大雅區","雅潭地政事務所"
"387160000A","西員寶","","7010","","BH18","66000","大雅區","雅潭地政事務所"
"387160000A","橫山","","7011","","BH18","66000","大雅區","雅潭地政事務所"
"387160000A","馬岡","","7012","","BH18","66000","大雅區","雅潭地政事務所"
"387160000A","上楓","","7013","","BH18","66000","大雅區","雅潭地政事務所"
"387160000A","三和","","7014","","BH18","66000","大雅區","雅潭地政事務所"
"387160000A","四德","","7015","","BH18","66000","大雅區","雅潭地政事務所"
"387160000A","自立","","7016","","BH18","66000","大雅區","雅潭地政事務所"
"387160000A","自強","","7017","","BH18","66000","大雅區","雅潭地政事務所"
"387160000A","民生","","7018","","BH18","66000","大雅區","雅潭地政事務所"
"387160000A","大榮","","7019","","BH18","66000","大雅區","雅潭地政事務所"
"387160000A","學雅","","7020","","BH18","66000","大雅區","雅潭地政事務所"
"387160000A","大明","","7021","","BH18","66000","大雅區","雅潭地政事務所"
"387160000A","永興","","7022","","BH18","66000","大雅區","雅潭地政事務所"
"387160000A","中山","","7023","","BH18","66000","大雅區","雅潭地政事務所"
"387160000A","雅潭","","7024","","BH18","66000","大雅區","雅潭地政事務所"
"387160000A","四維","","7025","","BH18","66000","大雅區","雅潭地政事務所"
"387160000A","科雅","","7026","","BH18","66000","大雅區","雅潭地政事務所"
"387160000A","花眉庄","","7027","","BH18","66000","大雅區","雅潭地政事務所"
"387160000A","西員寶北","","7028","","BH18","66000","大雅區","雅潭地政事務所"
"387160000A","六寶","","7029","","BH18","66000","大雅區","雅潭地政事務所"
"387160000A","六雅","","7030","","BH18","66000","大雅區","雅潭地政事務所"
"387160000A","員寶","","7031","","BH18","66000","大雅區","雅潭地政事務所"
"387160000A","清雅","","7032","","BH18","66000","大雅區","雅潭地政事務所"
"387160000A","忠雅","","7033","","BH18","66000","大雅區","雅潭地政事務所"
"387160000A","寶雅","","7034","","BH18","66000","大雅區","雅潭地政事務所"
"387160000A","秀雅","","7035","","BH18","66000","大雅區","雅潭地政事務所"
"387160000A","秀山","","7036","","BH18","66000","大雅區","雅潭地政事務所"
"387160000A","清泉","","7037","","BH18","66000","大雅區","雅潭地政事務所"
"387160000A","田心","","7038","","BH18","66000","大雅區","雅潭地政事務所"
"387160000A","中和","","7039","","BH18","66000","大雅區","雅潭地政事務所"
"387160000A","信和西","","7040","","BH18","66000","大雅區","雅潭地政事務所"
"387160000A","信和東","","7041","","BH18","66000","大雅區","雅潭地政事務所"
"387160000A","馬厝","","7042","","BH18","66000","大雅區","雅潭地政事務所"
"387160000A","山德","","7043","","BH18","66000","大雅區","雅潭地政事務所"
"387160000A","陽明","","7044","","BH18","66000","大雅區","雅潭地政事務所"
"387160000A","永和","","7045","","BH18","66000","大雅區","雅潭地政事務所"
"387160000A","振興","","7046","","BH18","66000","大雅區","雅潭地政事務所"
"387160000A","朝順","","7047","增編","BH18","66000","大雅區","雅潭地政事務所"
"387160000A","新社","新社","5700","","BG19","66000","新社區","東勢地政事務所"
"387160000A","新社","食水嵙","5701","註銷","BG19","66000","新社區","東勢地政事務所"
"387160000A","新社","山頂","5702","註銷","BG19","66000","新社區","東勢地政事務所"
"387160000A","新社","復盛","5703","註銷","BG19","66000","新社區","東勢地政事務所"
"387160000A","七分","七分","5704","","BG19","66000","新社區","東勢地政事務所"
"387160000A","七分","十分","5705","","BG19","66000","新社區","東勢地政事務所"
"387160000A","七分","水井子","5706","","BG19","66000","新社區","東勢地政事務所"
"387160000A","大南","大南","5707","","BG19","66000","新社區","東勢地政事務所"
"387160000A","大南","番社嶺","5708","","BG19","66000","新社區","東勢地政事務所"
"387160000A","水底寮","上水底寮","5709","","BG19","66000","新社區","東勢地政事務所"
"387160000A","水底寮","下水底寮","5710","","BG19","66000","新社區","東勢地政事務所"
"387160000A","鳥銃頭","","5711","更正","BG19","66000","新社區","東勢地政事務所"
"387160000A","馬力埔","","5712","","BG19","66000","新社區","東勢地政事務所"
"387160000A","永居湖","","5713","","BG19","66000","新社區","東勢地政事務所"
"387160000A","二櫃","","5714","","BG19","66000","新社區","東勢地政事務所"
"387160000A","三友部","","5715","更正","BG19","66000","新社區","東勢地政事務所"
"387160000A","食水嵙","","5716","","BG19","66000","新社區","東勢地政事務所"
"387160000A","中正","","5717","","BG19","66000","新社區","東勢地政事務所"
"387160000A","糖𠖎","","5718","","BG19","66000","新社區","東勢地政事務所"
"387160000A","新安","","5719","","BG19","66000","新社區","東勢地政事務所"
"387160000A","國校","","5720","","BG19","66000","新社區","東勢地政事務所"
"387160000A","新農","","5721","","BG19","66000","新社區","東勢地政事務所"
"387160000A","新中","","5722","","BG19","66000","新社區","東勢地政事務所"
"387160000A","復盛","","5723","","BG19","66000","新社區","東勢地政事務所"
"387160000A","月湖","","5724","","BG19","66000","新社區","東勢地政事務所"
"387160000A","龍安","","5725","","BG19","66000","新社區","東勢地政事務所"
"387160000A","崑山","","5726","","BG19","66000","新社區","東勢地政事務所"
"387160000A","神木","","5727","","BG19","66000","新社區","東勢地政事務所"
"387160000A","新大南","","5728","","BG19","66000","新社區","東勢地政事務所"
"387160000A","新水井","","5729","","BG19","66000","新社區","東勢地政事務所"
"387160000A","新南","","5730","","BG19","66000","新社區","東勢地政事務所"
"387160000A","永興","","5731","","BG19","66000","新社區","東勢地政事務所"
"387160000A","協中","","5732","","BG19","66000","新社區","東勢地政事務所"
"387160000A","湳嶺","","5733","","BG19","66000","新社區","東勢地政事務所"
"387160000A","新七分","","5734","","BG19","66000","新社區","東勢地政事務所"
"387160000A","新馬力埔","","5735","","BG19","66000","新社區","東勢地政事務所"
"387160000A","種苗圃","","5736","","BG19","66000","新社區","東勢地政事務所"
"387160000A","興中","","5737","","BG19","66000","新社區","東勢地政事務所"
"387160000A","華豐","","5738","","BG19","66000","新社區","東勢地政事務所"
"387160000A","二苗圃","","5739","","BG19","66000","新社區","東勢地政事務所"
"387160000A","頭嵙","","5740","","BG19","66000","新社區","東勢地政事務所"
"387160000A","上水底寮一","","5741","增編","BG19","66000","新社區","東勢地政事務所"
"387160000A","下水底寮","","5742","增編","BG19","66000","新社區","東勢地政事務所"
"387160000A","石岡","石岡","5900","","BG20","66000","石岡區","東勢地政事務所"
"387160000A","石岡","金星面","5901","","BG20","66000","石岡區","東勢地政事務所"
"387160000A","石岡","九房厝","5902","","BG20","66000","石岡區","東勢地政事務所"
"387160000A","仙塘坪","","5903","","BG20","66000","石岡區","東勢地政事務所"
"387160000A","社寮角","社寮角","5904","","BG20","66000","石岡區","東勢地政事務所"
"387160000A","社寮角","梅子樹腳","5905","","BG20","66000","石岡區","東勢地政事務所"
"387160000A","土牛","土牛","5906","","BG20","66000","石岡區","東勢地政事務所"
"387160000A","土牛","南眉","5907","","BG20","66000","石岡區","東勢地政事務所"
"387160000A","土牛","崁子下","5908","","BG20","66000","石岡區","東勢地政事務所"
"387160000A","岡尾","","5909","","BG20","66000","石岡區","東勢地政事務所"
"387160000A","萬安","","5910","","BG20","66000","石岡區","東勢地政事務所"
"387160000A","長庚","","5911","","BG20","66000","石岡區","東勢地政事務所"
"387160000A","金星","","5912","","BG20","66000","石岡區","東勢地政事務所"
"387160000A","廣興","","5913","","BG20","66000","石岡區","東勢地政事務所"
"387160000A","萬興","","5914","","BG20","66000","石岡區","東勢地政事務所"
"387160000A","梅子","","5915","","BG20","66000","石岡區","東勢地政事務所"
"387160000A","國校","","5916","","BG20","66000","石岡區","東勢地政事務所"
"387160000A","德興","","5917","","BG20","66000","石岡區","東勢地政事務所"
"387160000A","新岡尾","","5918","","BG20","66000","石岡區","東勢地政事務所"
"387160000A","新萬安","","5919","","BG20","66000","石岡區","東勢地政事務所"
"387160000A","新長庚","","5920","","BG20","66000","石岡區","東勢地政事務所"
"387160000A","新金星","","5921","","BG20","66000","石岡區","東勢地政事務所"
"387160000A","新廣興","","5922","","BG20","66000","石岡區","東勢地政事務所"
"387160000A","新萬興","","5923","","BG20","66000","石岡區","東勢地政事務所"
"387160000A","新梅子","","5924","","BG20","66000","石岡區","東勢地政事務所"
"387160000A","新國校","","5925","","BG20","66000","石岡區","東勢地政事務所"
"387160000A","新德興","","5926","","BG20","66000","石岡區","東勢地政事務所"
"387160000A","崁子下","","5927","","BG20","66000","石岡區","東勢地政事務所"
"387160000A","南眉","","5928","","BG20","66000","石岡區","東勢地政事務所"
"387160000A","八寶圳","","5929","","BG20","66000","石岡區","東勢地政事務所"
"387160000A","新金星面","","5930","增編","BG20","66000","石岡區","東勢地政事務所"
"387160000A","龍興","","5931","增編","BG20","66000","石岡區","東勢地政事務所"
"387160000A","石忠","","5932","增編","BG20","66000","石岡區","東勢地政事務所"
"387160000A","電火圳","","5933","增編","BG20","66000","石岡區","東勢地政事務所"
"387160000A","運動","","5934","增編","BG20","66000","石岡區","東勢地政事務所"
"387160000A","六分","","4000","","BE21","66000","外埔區","大甲地政事務所"
"387160000A","鐵砧山脚","","4001","更正","BE21","66000","外埔區","大甲地政事務所"
"387160000A","磁磘","","4002","","BE21","66000","外埔區","大甲地政事務所"
"387160000A","大甲東","","4003","","BE21","66000","外埔區","大甲地政事務所"
"387160000A","內水尾","","4004","","BE21","66000","外埔區","大甲地政事務所"
"387160000A","馬鳴埔","","4005","","BE21","66000","外埔區","大甲地政事務所"
"387160000A","土城","","4006","","BE21","66000","外埔區","大甲地政事務所"
"387160000A","廍子","","4007","","BE21","66000","外埔區","大甲地政事務所"
"387160000A","永豐","","4008","","BE21","66000","外埔區","大甲地政事務所"
"387160000A","新六分","","4009","","BE21","66000","外埔區","大甲地政事務所"
"387160000A","永吉","","4010","","BE21","66000","外埔區","大甲地政事務所"
"387160000A","新磁磘","","4011","","BE21","66000","外埔區","大甲地政事務所"
"387160000A","大同","","4012","","BE21","66000","外埔區","大甲地政事務所"
"387160000A","二崁","","4013","","BE21","66000","外埔區","大甲地政事務所"
"387160000A","三崁","","4014","","BE21","66000","外埔區","大甲地政事務所"
"387160000A","上土城","","4015","","BE21","66000","外埔區","大甲地政事務所"
"387160000A","下土城","","4016","","BE21","66000","外埔區","大甲地政事務所"
"387160000A","水美","","4017","","BE21","66000","外埔區","大甲地政事務所"
"387160000A","甲東","","4018","","BE21","66000","外埔區","大甲地政事務所"
"387160000A","東泰","","4019","","BE21","66000","外埔區","大甲地政事務所"
"387160000A","新城","","4020","","BE21","66000","外埔區","大甲地政事務所"
"387160000A","大東","","4021","","BE21","66000","外埔區","大甲地政事務所"
"387160000A","上鐵山","","4022","","BE21","66000","外埔區","大甲地政事務所"
"387160000A","下鐵山","","4023","","BE21","66000","外埔區","大甲地政事務所"
"387160000A","蕃社","","4024","","BE21","66000","外埔區","大甲地政事務所"
"387160000A","頂竹圍","","4025","","BE21","66000","外埔區","大甲地政事務所"
"387160000A","馬鳴","","4026","","BE21","66000","外埔區","大甲地政事務所"
"387160000A","風坑","","4027","","BE21","66000","外埔區","大甲地政事務所"
"387160000A","上廍子","","4028","","BE21","66000","外埔區","大甲地政事務所"
"387160000A","下廍子","","4029","","BE21","66000","外埔區","大甲地政事務所"
"387160000A","虎尾寮","","4030","","BE21","66000","外埔區","大甲地政事務所"
"387160000A","水美南","","4031","","BE21","66000","外埔區","大甲地政事務所"
"387160000A","水美西","","4032","","BE21","66000","外埔區","大甲地政事務所"
"387160000A","水美北","","4033","","BE21","66000","外埔區","大甲地政事務所"
"387160000A","水美東","","4034","增編","BE21","66000","外埔區","大甲地政事務所"
"387160000A","頂大安","","4300","","BE22","66000","大安區","大甲地政事務所"
"387160000A","下大安","","4301","","BE22","66000","大安區","大甲地政事務所"
"387160000A","三十甲","","4302","","BE22","66000","大安區","大甲地政事務所"
"387160000A","北汕","","4303","","BE22","66000","大安區","大甲地政事務所"
"387160000A","海墘厝","海墘厝","4304","","BE22","66000","大安區","大甲地政事務所"
"387160000A","海墘厝","大安港","4305","","BE22","66000","大安區","大甲地政事務所"
"387160000A","海墘厝","溫寮","4306","","BE22","66000","大安區","大甲地政事務所"
"387160000A","田心子","","4307","","BE22","66000","大安區","大甲地政事務所"
"387160000A","龜匳","","4308","更正","BE22","66000","大安區","大甲地政事務所"
"387160000A","溪洲","","4309","","BE22","66000","大安區","大甲地政事務所"
"387160000A","牛埔","","4310","","BE22","66000","大安區","大甲地政事務所"
"387160000A","三塊厝","","4311","","BE22","66000","大安區","大甲地政事務所"
"387160000A","中庄","","4312","","BE22","66000","大安區","大甲地政事務所"
"387160000A","南庄","","4313","","BE22","66000","大安區","大甲地政事務所"
"387160000A","南埔","","4314","","BE22","66000","大安區","大甲地政事務所"
"387160000A","東勢尾","","4315","","BE22","66000","大安區","大甲地政事務所"
"387160000A","福興","","4316","","BE22","66000","大安區","大甲地政事務所"
"387160000A","松子脚","","4317","更正","BE22","66000","大安區","大甲地政事務所"
"387160000A","頂腳踏","","4318","註銷","BE22","66000","大安區","大甲地政事務所"
"387160000A","下腳踏","","4319","註銷","BE22","66000","大安區","大甲地政事務所"
"387160000A","安實","","4320","","BE22","66000","大安區","大甲地政事務所"
"387160000A","安行","","4321","","BE22","66000","大安區","大甲地政事務所"
"387160000A","安農","","4322","","BE22","66000","大安區","大甲地政事務所"
"387160000A","安地","","4323","","BE22","66000","大安區","大甲地政事務所"
"387160000A","安重","","4324","","BE22","66000","大安區","大甲地政事務所"
"387160000A","安劃","","4325","","BE22","66000","大安區","大甲地政事務所"
"387160000A","松雅","","4326","","BE22","66000","大安區","大甲地政事務所"
"387160000A","福東","","4327","","BE22","66000","大安區","大甲地政事務所"
"387160000A","南勢厝","","4328","","BE22","66000","大安區","大甲地政事務所"
"387160000A","東安","","4329","","BE22","66000","大安區","大甲地政事務所"
"387160000A","安中","","4330","更正","BE22","66000","大安區","大甲地政事務所"
"387160000A","頂庄","","4331","更正","BE22","66000","大安區","大甲地政事務所"
"387160000A","中海","","4332","更正","BE22","66000","大安區","大甲地政事務所"
"387160000A","南安","","4333","","BE22","66000","大安區","大甲地政事務所"
"387160000A","新南埔","","4334","","BE22","66000","大安區","大甲地政事務所"
"387160000A","新龜壳","","4335","","BE22","66000","大安區","大甲地政事務所"
"387160000A","新三塊厝","","4336","","BE22","66000","大安區","大甲地政事務所"
"387160000A","欣洲","","4337","","BE22","66000","大安區","大甲地政事務所"
"387160000A","興安","","4338","","BE22","66000","大安區","大甲地政事務所"
"387160000A","安田","","4339","","BE22","66000","大安區","大甲地政事務所"
"387160000A","安港","","4340","","BE22","66000","大安區","大甲地政事務所"
"387160000A","頂安","","4341","增編","BE22","66000","大安區","大甲地政事務所"
"387160000A","重建","","72","註銷","BI23","66000","烏日區","大里地政事務所"
"387160000A","烏日","","7300","","BI23","66000","烏日區","大里地政事務所"
"387160000A","九張犁","","7301","更正","BI23","66000","烏日區","大里地政事務所"
"387160000A","頭前厝","","7302","","BI23","66000","烏日區","大里地政事務所"
"387160000A","學田","","7303","","BI23","66000","烏日區","大里地政事務所"
"387160000A","偽𠍇","頂偽𠍇","7304","","BI23","66000","烏日區","大里地政事務所"
"387160000A","偽𠍇","下偽𠍇","7305","","BI23","66000","烏日區","大里地政事務所"
"387160000A","五張犁","","7306","更正","BI23","66000","烏日區","大里地政事務所"
"387160000A","重建","","7307","","BI23","66000","烏日區","大里地政事務所"
"387160000A","阿密哩","","7308","","BI23","66000","烏日區","大里地政事務所"
"387160000A","蘆竹湳","","7309","","BI23","66000","烏日區","大里地政事務所"
"387160000A","溪心壩","","7310","","BI23","66000","烏日區","大里地政事務所"
"387160000A","喀哩","","7311","","BI23","66000","烏日區","大里地政事務所"
"387160000A","同安厝","","7312","","BI23","66000","烏日區","大里地政事務所"
"387160000A","溪南東","","7313","","BI23","66000","烏日區","大里地政事務所"
"387160000A","溪南西","","7314","","BI23","66000","烏日區","大里地政事務所"
"387160000A","螺潭","","7315","","BI23","66000","烏日區","大里地政事務所"
"387160000A","北里","","7316","","BI23","66000","烏日區","大里地政事務所"
"387160000A","九如","","7317","","BI23","66000","烏日區","大里地政事務所"
"387160000A","九德","","7318","","BI23","66000","烏日區","大里地政事務所"
"387160000A","中華","","7319","","BI23","66000","烏日區","大里地政事務所"
"387160000A","自立","","7320","","BI23","66000","烏日區","大里地政事務所"
"387160000A","仁德","","7321","","BI23","66000","烏日區","大里地政事務所"
"387160000A","信義","","7322","","BI23","66000","烏日區","大里地政事務所"
"387160000A","興祥","","7323","","BI23","66000","烏日區","大里地政事務所"
"387160000A","三民","","7324","","BI23","66000","烏日區","大里地政事務所"
"387160000A","自治","","7325","","BI23","66000","烏日區","大里地政事務所"
"387160000A","光日","","7326","","BI23","66000","烏日區","大里地政事務所"
"387160000A","湖日","","7327","","BI23","66000","烏日區","大里地政事務所"
"387160000A","山頂","","7328","","BI23","66000","烏日區","大里地政事務所"
"387160000A","成功嶺","","7329","","BI23","66000","烏日區","大里地政事務所"
"387160000A","便行","","7330","","BI23","66000","烏日區","大里地政事務所"
"387160000A","中山","","7331","","BI23","66000","烏日區","大里地政事務所"
"387160000A","高鐵","","7332","","BI23","66000","烏日區","大里地政事務所"
"387160000A","站南","","7333","","BI23","66000","烏日區","大里地政事務所"
"387160000A","三和","","7334","","BI23","66000","烏日區","大里地政事務所"
"387160000A","榮和","","7335","","BI23","66000","烏日區","大里地政事務所"
"387160000A","榮泉","","7336","","BI23","66000","烏日區","大里地政事務所"
"387160000A","長壽","","7337","","BI23","66000","烏日區","大里地政事務所"
"387160000A","新高鐵","","7338","","BI23","66000","烏日區","大里地政事務所"
"387160000A","新站南","","7339","","BI23","66000","烏日區","大里地政事務所"
"387160000A","新三和","","7340","","BI23","66000","烏日區","大里地政事務所"
"387160000A","新榮和","","7341","","BI23","66000","烏日區","大里地政事務所"
"387160000A","新榮泉","","7342","","BI23","66000","烏日區","大里地政事務所"
"387160000A","新長壽","","7343","","BI23","66000","烏日區","大里地政事務所"
"387160000A","溪尾北","","7344","","BI23","66000","烏日區","大里地政事務所"
"387160000A","溪尾南","","7345","","BI23","66000","烏日區","大里地政事務所"
"387160000A","五張犁東","","7346","","BI23","66000","烏日區","大里地政事務所"
"387160000A","五張犁西","","7347","","BI23","66000","烏日區","大里地政事務所"
"387160000A","溪壩","","7348","","BI23","66000","烏日區","大里地政事務所"
"387160000A","新喀哩","","7349","","BI23","66000","烏日區","大里地政事務所"
"387160000A","新北里","","7350","","BI23","66000","烏日區","大里地政事務所"
"387160000A","高學田","","7351","","BI23","66000","烏日區","大里地政事務所"
"387160000A","頭前厝北","","7352","","BI23","66000","烏日區","大里地政事務所"
"387160000A","頭前厝南","","7353","","BI23","66000","烏日區","大里地政事務所"
"387160000A","新蘆竹湳","","7354","","BI23","66000","烏日區","大里地政事務所"
"387160000A","新同安厝","","7355","","BI23","66000","烏日區","大里地政事務所"
"387160000A","環河","","7356","","BI23","66000","烏日區","大里地政事務所"
"387160000A","前農","","7357","","BI23","66000","烏日區","大里地政事務所"
"387160000A","前竹","","7358","","BI23","66000","烏日區","大里地政事務所"
"387160000A","前興","","7359","","BI23","66000","烏日區","大里地政事務所"
"387160000A","中紡","","7360","","BI23","66000","烏日區","大里地政事務所"
"387160000A","大肚","","9100","","BK24","66000","大肚區","龍井地政事務所"
"387160000A","追分","","9101","","BK24","66000","大肚區","龍井地政事務所"
"387160000A","井子頭","井子頭","9102","","BK24","66000","大肚區","龍井地政事務所"
"387160000A","井子頭","蔗𠖎","9103","","BK24","66000","大肚區","龍井地政事務所"
"387160000A","溪洲","","9104","","BK24","66000","大肚區","龍井地政事務所"
"387160000A","王田","","9105","","BK24","66000","大肚區","龍井地政事務所"
"387160000A","社腳","社腳","9106","","BK24","66000","大肚區","龍井地政事務所"
"387160000A","社腳","山子頂","9107","","BK24","66000","大肚區","龍井地政事務所"
"387160000A","汴子頭","山子腳","9108","","BK24","66000","大肚區","龍井地政事務所"
"387160000A","文昌","","9109","","BK24","66000","大肚區","龍井地政事務所"
"387160000A","台紙","","9110","","BK24","66000","大肚區","龍井地政事務所"
"387160000A","山陽","","9111","","BK24","66000","大肚區","龍井地政事務所"
"387160000A","榮華","","9112","","BK24","66000","大肚區","龍井地政事務所"
"387160000A","頂街","","9113","","BK24","66000","大肚區","龍井地政事務所"
"387160000A","福利","","9114","","BK24","66000","大肚區","龍井地政事務所"
"387160000A","自治","","9115","","BK24","66000","大肚區","龍井地政事務所"
"387160000A","大東","","9116","","BK24","66000","大肚區","龍井地政事務所"
"387160000A","仁德","","9117","","BK24","66000","大肚區","龍井地政事務所"
"387160000A","萬陵","","9118","","BK24","66000","大肚區","龍井地政事務所"
"387160000A","中蔗","","9119","","BK24","66000","大肚區","龍井地政事務所"
"387160000A","自強","","9120","","BK24","66000","大肚區","龍井地政事務所"
"387160000A","慶順","","9121","","BK24","66000","大肚區","龍井地政事務所"
"387160000A","遊園","","9122","","BK24","66000","大肚區","龍井地政事務所"
"387160000A","瑞井","","9123","","BK24","66000","大肚區","龍井地政事務所"
"387160000A","福安","","9124","","BK24","66000","大肚區","龍井地政事務所"
"387160000A","福山","","9125","","BK24","66000","大肚區","龍井地政事務所"
"387160000A","福吉","","9126","","BK24","66000","大肚區","龍井地政事務所"
"387160000A","福和","","9127","","BK24","66000","大肚區","龍井地政事務所"
"387160000A","福和北","","9128","","BK24","66000","大肚區","龍井地政事務所"
"387160000A","福德","","9129","","BK24","66000","大肚區","龍井地政事務所"
"387160000A","南王田","","9130","","BK24","66000","大肚區","龍井地政事務所"
"387160000A","王福","","9131","","BK24","66000","大肚區","龍井地政事務所"
"387160000A","興和","","9132","","BK24","66000","大肚區","龍井地政事務所"
"387160000A","北王田","","9133","","BK24","66000","大肚區","龍井地政事務所"
"387160000A","福陽","","9134","","BK24","66000","大肚區","龍井地政事務所"
"387160000A","福新","","9135","增編","BK24","66000","大肚區","龍井地政事務所"
"387160000A","龍井","竹坑","9300","","BK25","66000","龍井區","龍井地政事務所"
"387160000A","龍井","龍井","9301","註銷","BK25","66000","龍井區","龍井地政事務所"
"387160000A","新庄子","新庄子","9302","","BK25","66000","龍井區","龍井地政事務所"
"387160000A","新庄子","南寮","9303","註銷","BK25","66000","龍井區","龍井地政事務所"
"387160000A","山腳","","9304","","BK25","66000","龍井區","龍井地政事務所"
"387160000A","福麗","","9305","","BK25","66000","龍井區","龍井地政事務所"
"387160000A","龍津","","9306","","BK25","66000","龍井區","龍井地政事務所"
"387160000A","龍目井","龍目井","9307","","BK25","66000","龍井區","龍井地政事務所"
"387160000A","龍目井","水師寮","9308","","BK25","66000","龍井區","龍井地政事務所"
"387160000A","龍目井","水裡社","9309","","BK25","66000","龍井區","龍井地政事務所"
"387160000A","三德","","9310","","BK25","66000","龍井區","龍井地政事務所"
"387160000A","忠和","","9311","","BK25","66000","龍井區","龍井地政事務所"
"387160000A","竹泉","","9312","","BK25","66000","龍井區","龍井地政事務所"
"387160000A","茄投","","9313","","BK25","66000","龍井區","龍井地政事務所"
"387160000A","龍田","","9314","","BK25","66000","龍井區","龍井地政事務所"
"387160000A","中山","","9315","","BK25","66000","龍井區","龍井地政事務所"
"387160000A","田水","","9316","","BK25","66000","龍井區","龍井地政事務所"
"387160000A","東園","","9317","","BK25","66000","龍井區","龍井地政事務所"
"387160000A","遊園南","","9318","","BK25","66000","龍井區","龍井地政事務所"
"387160000A","永順","","9319","","BK25","66000","龍井區","龍井地政事務所"
"387160000A","新庄","","9320","","BK25","66000","龍井區","龍井地政事務所"
"387160000A","新興","","9321","","BK25","66000","龍井區","龍井地政事務所"
"387160000A","新東","","9322","","BK25","66000","龍井區","龍井地政事務所"
"387160000A","東海","","9323","","BK25","66000","龍井區","龍井地政事務所"
"387160000A","遊園北","","9324","","BK25","66000","龍井區","龍井地政事務所"
"387160000A","南寮","","9325","","BK25","66000","龍井區","龍井地政事務所"
"387160000A","藝術","","9326","","BK25","66000","龍井區","龍井地政事務所"
"387160000A","遠東","","9327","","BK25","66000","龍井區","龍井地政事務所"
"387160000A","龍山","","9328","","BK25","66000","龍井區","龍井地政事務所"
"387160000A","鷺山","","9329","","BK25","66000","龍井區","龍井地政事務所"
"387160000A","中社","","9330","","BK25","66000","龍井區","龍井地政事務所"
"387160000A","龍新","","9331","","BK25","66000","龍井區","龍井地政事務所"
"387160000A","龍社","","9332","","BK25","66000","龍井區","龍井地政事務所"
"387160000A","木本","","9333","","BK25","66000","龍井區","龍井地政事務所"
"387160000A","龍崗","","9334","","BK25","66000","龍井區","龍井地政事務所"
"387160000A","龍泉","","9335","增編","BK25","66000","龍井區","龍井地政事務所"
"387160000A","竹師","","9336","增編","BK25","66000","龍井區","龍井地政事務所"
"387160000A","霧峰","霧峰","7700","","BI26","66000","霧峰區","大里地政事務所"
"387160000A","霧峰","北溝","7701","","BI26","66000","霧峰區","大里地政事務所"
"387160000A","霧峰","坑口","7702","","BI26","66000","霧峰區","大里地政事務所"
"387160000A","柳樹湳","","7703","","BI26","66000","霧峰區","大里地政事務所"
"387160000A","丁台","丁台","7704","","BI26","66000","霧峰區","大里地政事務所"
"387160000A","丁台","南勢","7705","","BI26","66000","霧峰區","大里地政事務所"
"387160000A","吳厝","","7706","","BI26","66000","霧峰區","大里地政事務所"
"387160000A","萬斗六","","7707","","BI26","66000","霧峰區","大里地政事務所"
"387160000A","萬斗六","六股","7708","","BI26","66000","霧峰區","大里地政事務所"
"387160000A","天時","","7709","","BI26","66000","霧峰區","大里地政事務所"
"387160000A","地利","","7710","","BI26","66000","霧峰區","大里地政事務所"
"387160000A","人和","","7711","","BI26","66000","霧峰區","大里地政事務所"
"387160000A","峰東","","7712","","BI26","66000","霧峰區","大里地政事務所"
"387160000A","峰西","","7713","","BI26","66000","霧峰區","大里地政事務所"
"387160000A","峰南","","7714","","BI26","66000","霧峰區","大里地政事務所"
"387160000A","峰北","","7715","","BI26","66000","霧峰區","大里地政事務所"
"387160000A","北勢","","7716","","BI26","66000","霧峰區","大里地政事務所"
"387160000A","北柳","","7717","","BI26","66000","霧峰區","大里地政事務所"
"387160000A","峰谷","","7718","","BI26","66000","霧峰區","大里地政事務所"
"387160000A","萬豐","","7719","","BI26","66000","霧峰區","大里地政事務所"
"387160000A","豐正","","7720","","BI26","66000","霧峰區","大里地政事務所"
"387160000A","文化","","7721","","BI26","66000","霧峰區","大里地政事務所"
"387160000A","吉峰","","7722","","BI26","66000","霧峰區","大里地政事務所"
"387160000A","錦州","","7723","","BI26","66000","霧峰區","大里地政事務所"
"387160000A","中正","","7724","","BI26","66000","霧峰區","大里地政事務所"
"387160000A","育德","","7725","","BI26","66000","霧峰區","大里地政事務所"
"387160000A","新生","","7726","","BI26","66000","霧峰區","大里地政事務所"
"387160000A","舊正西","","7727","更正","BI26","66000","霧峰區","大里地政事務所"
"387160000A","南勢東","","7728","","BI26","66000","霧峰區","大里地政事務所"
"387160000A","南勢西","","7729","","BI26","66000","霧峰區","大里地政事務所"
"387160000A","丁台一","","7730","","BI26","66000","霧峰區","大里地政事務所"
"387160000A","丁台二","","7731","","BI26","66000","霧峰區","大里地政事務所"
"387160000A","丁台三","","7732","","BI26","66000","霧峰區","大里地政事務所"
"387160000A","新六股","","7733","","BI26","66000","霧峰區","大里地政事務所"
"387160000A","農試所","","7734","","BI26","66000","霧峰區","大里地政事務所"
"387160000A","舊正東","","7735","","BI26","66000","霧峰區","大里地政事務所"
"387160000A","桐林","","7736","","BI26","66000","霧峰區","大里地政事務所"
"387160000A","霧工","","7737","","BI26","66000","霧峰區","大里地政事務所"
"387160000A","南柳","","7738","","BI26","66000","霧峰區","大里地政事務所"
"387160000A","北柳南","","7739","","BI26","66000","霧峰區","大里地政事務所"
"387160000A","新厝","","7740","","BI26","66000","霧峰區","大里地政事務所"
"387160000A","五福","","7741","","BI26","66000","霧峰區","大里地政事務所"
"387160000A","新埔","","7742","","BI26","66000","霧峰區","大里地政事務所"
"387160000A","四德","","7743","","BI26","66000","霧峰區","大里地政事務所"
"387160000A","五福北","","7744","","BI26","66000","霧峰區","大里地政事務所"
"387160000A","五福南","","7745","","BI26","66000","霧峰區","大里地政事務所"
"387160000A","大圳頭","","7746","","BI26","66000","霧峰區","大里地政事務所"
"387160000A","萊園","","7747","","BI26","66000","霧峰區","大里地政事務所"
"387160000A","新坑口","","7748","","BI26","66000","霧峰區","大里地政事務所"
"387160000A","復興","","7749","","BI26","66000","霧峰區","大里地政事務所"
"387160000A","尖後","","7750","","BI26","66000","霧峰區","大里地政事務所"
"387160000A","新北溝","","7751","","BI26","66000","霧峰區","大里地政事務所"
"387160000A","新峰東","","7752","","BI26","66000","霧峰區","大里地政事務所"
"387160000A","暗坑","","7753","","BI26","66000","霧峰區","大里地政事務所"
"387160000A","樟公","","7754","","BI26","66000","霧峰區","大里地政事務所"
"387160000A","本堂","","7755","","BI26","66000","霧峰區","大里地政事務所"
"387160000A","立德","","7756","","BI26","66000","霧峰區","大里地政事務所"
"387160000A","南坑","","7757","","BI26","66000","霧峰區","大里地政事務所"
"387160000A","大坑","","7758","","BI26","66000","霧峰區","大里地政事務所"
"387160000A","慶堡北","","7759","","BI26","66000","霧峰區","大里地政事務所"
"387160000A","慶堡南","","7760","增編","BI26","66000","霧峰區","大里地政事務所"
"387160000A","太平","","8500","","BJ27","66000","太平區","太平地政事務所"
"387160000A","三汴","","8501","","BJ27","66000","太平區","太平地政事務所"
"387160000A","番子路","","8502","","BJ27","66000","太平區","太平地政事務所"
"387160000A","頭汴坑","","8503","","BJ27","66000","太平區","太平地政事務所"
"387160000A","車籠埔","車籠埔","8504","註銷","BJ27","66000","太平區","太平地政事務所"
"387160000A","車籠埔","黃竹坑","8505","註銷","BJ27","66000","太平區","太平地政事務所"
"387160000A","宜欣","","8506","","BJ27","66000","太平區","太平地政事務所"
"387160000A","欣欣","","8507","","BJ27","66000","太平區","太平地政事務所"
"387160000A","瑞欣","","8508","","BJ27","66000","太平區","太平地政事務所"
"387160000A","平欣","","8509","","BJ27","66000","太平區","太平地政事務所"
"387160000A","忠平","","8510","","BJ27","66000","太平區","太平地政事務所"
"387160000A","孝平","","8511","","BJ27","66000","太平區","太平地政事務所"
"387160000A","仁平","","8512","","BJ27","66000","太平區","太平地政事務所"
"387160000A","愛平","","8513","","BJ27","66000","太平區","太平地政事務所"
"387160000A","信平","","8514","","BJ27","66000","太平區","太平地政事務所"
"387160000A","義平","","8515","","BJ27","66000","太平區","太平地政事務所"
"387160000A","和平","","8516","","BJ27","66000","太平區","太平地政事務所"
"387160000A","福平","","8517","","BJ27","66000","太平區","太平地政事務所"
"387160000A","壽平","","8518","","BJ27","66000","太平區","太平地政事務所"
"387160000A","中邑","","8519","","BJ27","66000","太平區","太平地政事務所"
"387160000A","光隆","","8520","","BJ27","66000","太平區","太平地政事務所"
"387160000A","永成","","8521","","BJ27","66000","太平區","太平地政事務所"
"387160000A","福星","","8522","","BJ27","66000","太平區","太平地政事務所"
"387160000A","長億","","8523","","BJ27","66000","太平區","太平地政事務所"
"387160000A","福德","","8524","","BJ27","66000","太平區","太平地政事務所"
"387160000A","永新","","8525","","BJ27","66000","太平區","太平地政事務所"
"387160000A","合利","","8526","","BJ27","66000","太平區","太平地政事務所"
"387160000A","永豐","","8527","","BJ27","66000","太平區","太平地政事務所"
"387160000A","福利","","8528","","BJ27","66000","太平區","太平地政事務所"
"387160000A","光華","","8529","","BJ27","66000","太平區","太平地政事務所"
"387160000A","麗園","","8530","","BJ27","66000","太平區","太平地政事務所"
"387160000A","長安","","8531","","BJ27","66000","太平區","太平地政事務所"
"387160000A","萬福","","8532","","BJ27","66000","太平區","太平地政事務所"
"387160000A","光明","","8533","","BJ27","66000","太平區","太平地政事務所"
"387160000A","坪林","","8534","","BJ27","66000","太平區","太平地政事務所"
"387160000A","洪厝","","8535","","BJ27","66000","太平區","太平地政事務所"
"387160000A","吉祥","","8536","","BJ27","66000","太平區","太平地政事務所"
"387160000A","中華","","8537","","BJ27","66000","太平區","太平地政事務所"
"387160000A","勤益","","8538","","BJ27","66000","太平區","太平地政事務所"
"387160000A","大源","","8539","","BJ27","66000","太平區","太平地政事務所"
"387160000A","中山","","8540","","BJ27","66000","太平區","太平地政事務所"
"387160000A","內湖","","8541","","BJ27","66000","太平區","太平地政事務所"
"387160000A","茶寮","","8542","","BJ27","66000","太平區","太平地政事務所"
"387160000A","福隆","","8543","","BJ27","66000","太平區","太平地政事務所"
"387160000A","頂坪","","8544","","BJ27","66000","太平區","太平地政事務所"
"387160000A","興隆","","8545","","BJ27","66000","太平區","太平地政事務所"
"387160000A","光興","","8546","","BJ27","66000","太平區","太平地政事務所"
"387160000A","廣隆","","8547","","BJ27","66000","太平區","太平地政事務所"
"387160000A","七星","","8548","","BJ27","66000","太平區","太平地政事務所"
"387160000A","永隆","","8549","","BJ27","66000","太平區","太平地政事務所"
"387160000A","新德隆","","8550","","BJ27","66000","太平區","太平地政事務所"
"387160000A","溪洲","","8551","","BJ27","66000","太平區","太平地政事務所"
"387160000A","東興","","8552","","BJ27","66000","太平區","太平地政事務所"
"387160000A","東平","","8553","","BJ27","66000","太平區","太平地政事務所"
"387160000A","東和","","8554","","BJ27","66000","太平區","太平地政事務所"
"387160000A","新坪","","8555","","BJ27","66000","太平區","太平地政事務所"
"387160000A","樹孝","","8556","","BJ27","66000","太平區","太平地政事務所"
"387160000A","新高","","8557","","BJ27","66000","太平區","太平地政事務所"
"387160000A","石苓湖","","8558","","BJ27","66000","太平區","太平地政事務所"
"387160000A","德興","","8559","","BJ27","66000","太平區","太平地政事務所"
"387160000A","豐中","","8560","","BJ27","66000","太平區","太平地政事務所"
"387160000A","育賢","","8561","","BJ27","66000","太平區","太平地政事務所"
"387160000A","新興","","8562","","BJ27","66000","太平區","太平地政事務所"
"387160000A","塔湖","","8563","","BJ27","66000","太平區","太平地政事務所"
"387160000A","皇帝筍坑","","8564","","BJ27","66000","太平區","太平地政事務所"
"387160000A","振興","","8565","","BJ27","66000","太平區","太平地政事務所"
"387160000A","新福","","8566","","BJ27","66000","太平區","太平地政事務所"
"387160000A","新光","","8567","","BJ27","66000","太平區","太平地政事務所"
"387160000A","振福","","8568","","BJ27","66000","太平區","太平地政事務所"
"387160000A","樹德","","8569","","BJ27","66000","太平區","太平地政事務所"
"387160000A","永億","","8570","","BJ27","66000","太平區","太平地政事務所"
"387160000A","振文","","8571","","BJ27","66000","太平區","太平地政事務所"
"387160000A","大興","","8572","","BJ27","66000","太平區","太平地政事務所"
"387160000A","聖和","","8573","","BJ27","66000","太平區","太平地政事務所"
"387160000A","中天","","8574","","BJ27","66000","太平區","太平地政事務所"
"387160000A","新頭汴","","8575","","BJ27","66000","太平區","太平地政事務所"
"387160000A","學億","","8576","","BJ27","66000","太平區","太平地政事務所"
"387160000A","長福","","8577","","BJ27","66000","太平區","太平地政事務所"
"387160000A","中南","","8578","","BJ27","66000","太平區","太平地政事務所"
"387160000A","福億","","8579","","BJ27","66000","太平區","太平地政事務所"
"387160000A","內城","","8580","","BJ27","66000","太平區","太平地政事務所"
"387160000A","黃竹","","8581","","BJ27","66000","太平區","太平地政事務所"
"387160000A","竹村","","8582","","BJ27","66000","太平區","太平地政事務所"
"387160000A","淨德","","8583","","BJ27","66000","太平區","太平地政事務所"
"387160000A","東汴","","8584","","BJ27","66000","太平區","太平地政事務所"
"387160000A","中興","","84","註銷","BI28","66000","大里區","大里地政事務所"
"387160000A","大里","","8000","","BI28","66000","大里區","大里地政事務所"
"387160000A","內新","","8001","","BI28","66000","大里區","大里地政事務所"
"387160000A","涼傘樹","","8002","","BI28","66000","大里區","大里地政事務所"
"387160000A","大突寮","","8003","","BI28","66000","大里區","大里地政事務所"
"387160000A","詹厝園","","8004","","BI28","66000","大里區","大里地政事務所"
"387160000A","草湖","","8005","註銷","BI28","66000","大里區","大里地政事務所"
"387160000A","塗城","","8006","註銷","BI28","66000","大里區","大里地政事務所"
"387160000A","中興","","8007","","BI28","66000","大里區","大里地政事務所"
"387160000A","番子寮","","8008","","BI28","66000","大里區","大里地政事務所"
"387160000A","番子寮","健仁","8009","註銷","BI28","66000","大里區","大里地政事務所"
"387160000A","新仁","","8010","","BI28","66000","大里區","大里地政事務所"
"387160000A","新義","","8011","","BI28","66000","大里區","大里地政事務所"
"387160000A","長春","","8012","","BI28","66000","大里區","大里地政事務所"
"387160000A","東湖","","8013","","BI28","66000","大里區","大里地政事務所"
"387160000A","南湖","","8014","","BI28","66000","大里區","大里地政事務所"
"387160000A","成功","","8015","","BI28","66000","大里區","大里地政事務所"
"387160000A","金城","","8016","","BI28","66000","大里區","大里地政事務所"
"387160000A","仁化","","8017","","BI28","66000","大里區","大里地政事務所"
"387160000A","武德","","8018","","BI28","66000","大里區","大里地政事務所"
"387160000A","東城","","8019","","BI28","66000","大里區","大里地政事務所"
"387160000A","向學","","8020","","BI28","66000","大里區","大里地政事務所"
"387160000A","瑞城","","8021","","BI28","66000","大里區","大里地政事務所"
"387160000A","北新","","8022","","BI28","66000","大里區","大里地政事務所"
"387160000A","東榮","","8023","","BI28","66000","大里區","大里地政事務所"
"387160000A","東興","","8024","","BI28","66000","大里區","大里地政事務所"
"387160000A","鳳凰","","8025","","BI28","66000","大里區","大里地政事務所"
"387160000A","立仁","","8026","","BI28","66000","大里區","大里地政事務所"
"387160000A","公教","","8027","","BI28","66000","大里區","大里地政事務所"
"387160000A","日新","","8028","","BI28","66000","大里區","大里地政事務所"
"387160000A","大忠","","8029","","BI28","66000","大里區","大里地政事務所"
"387160000A","大孝","","8030","","BI28","66000","大里區","大里地政事務所"
"387160000A","大仁","","8031","","BI28","66000","大里區","大里地政事務所"
"387160000A","大義","","8032","","BI28","66000","大里區","大里地政事務所"
"387160000A","喬城","","8033","","BI28","66000","大里區","大里地政事務所"
"387160000A","吉隆","","8034","","BI28","66000","大里區","大里地政事務所"
"387160000A","崇光","","8035","","BI28","66000","大里區","大里地政事務所"
"387160000A","西榮","","8036","","BI28","66000","大里區","大里地政事務所"
"387160000A","合信","","8037","","BI28","66000","大里區","大里地政事務所"
"387160000A","華城","","8038","","BI28","66000","大里區","大里地政事務所"
"387160000A","立新","","8039","","BI28","66000","大里區","大里地政事務所"
"387160000A","福大","","8040","","BI28","66000","大里區","大里地政事務所"
"387160000A","新光","","8041","","BI28","66000","大里區","大里地政事務所"
"387160000A","益民","","8042","","BI28","66000","大里區","大里地政事務所"
"387160000A","大元","","8043","","BI28","66000","大里區","大里地政事務所"
"387160000A","國中","","8044","","BI28","66000","大里區","大里地政事務所"
"387160000A","健民","","8045","","BI28","66000","大里區","大里地政事務所"
"387160000A","光正","","8046","","BI28","66000","大里區","大里地政事務所"
"387160000A","練武","","8047","","BI28","66000","大里區","大里地政事務所"
"387160000A","美群","","8048","","BI28","66000","大里區","大里地政事務所"
"387160000A","仁城","","8049","","BI28","66000","大里區","大里地政事務所"
"387160000A","仁美","","8050","","BI28","66000","大里區","大里地政事務所"
"387160000A","振坤","","8051","","BI28","66000","大里區","大里地政事務所"
"387160000A","新甲","","8052","","BI28","66000","大里區","大里地政事務所"
"387160000A","德芳","","8053","","BI28","66000","大里區","大里地政事務所"
"387160000A","福興","","8054","","BI28","66000","大里區","大里地政事務所"
"387160000A","大衛","","8055","","BI28","66000","大里區","大里地政事務所"
"387160000A","樹王","","8056","","BI28","66000","大里區","大里地政事務所"
"387160000A","萬安","","8057","","BI28","66000","大里區","大里地政事務所"
"387160000A","大峰","","8058","","BI28","66000","大里區","大里地政事務所"
"387160000A","西湖北","","8059","","BI28","66000","大里區","大里地政事務所"
"387160000A","西湖南","","8060","","BI28","66000","大里區","大里地政事務所"
"387160000A","舊街","","8061","","BI28","66000","大里區","大里地政事務所"
"387160000A","福德","","8062","","BI28","66000","大里區","大里地政事務所"
"387160000A","夏田東","","8063","","BI28","66000","大里區","大里地政事務所"
"387160000A","夏田西","","8064","","BI28","66000","大里區","大里地政事務所"
"387160000A","東勢尾","","8065","","BI28","66000","大里區","大里地政事務所"
"387160000A","市政","","8066","增編","BI28","66000","大里區","大里地政事務所"
"387160000A","南勢","","6100","","BG29","66000","和平區","東勢地政事務所"
"387160000A","博愛","","6101","","BG29","66000","和平區","東勢地政事務所"
"387160000A","谷關","","6102","","BG29","66000","和平區","東勢地政事務所"
"387160000A","達見","","6103","","BG29","66000","和平區","東勢地政事務所"
"387160000A","青山","","6104","註銷","BG29","66000","和平區","東勢地政事務所"
"387160000A","佳陽","","6105","","BG29","66000","和平區","東勢地政事務所"
"387160000A","梨山","","6106","","BG29","66000","和平區","東勢地政事務所"
"387160000A","松茂","","6107","","BG29","66000","和平區","東勢地政事務所"
"387160000A","環山","","6108","","BG29","66000","和平區","東勢地政事務所"
"387160000A","志良","","6109","","BG29","66000","和平區","東勢地政事務所"
"387160000A","勝光","","6110","","BG29","66000","和平區","東勢地政事務所"
"387160000A","七家灣","","6111","","BG29","66000","和平區","東勢地政事務所"
"387160000A","思源","","6112","","BG29","66000","和平區","東勢地政事務所"
"387160000A","武陵","","6113","","BG29","66000","和平區","東勢地政事務所"
"387160000A","福壽山","","6114","","BG29","66000","和平區","東勢地政事務所"
"387160000A","雙崎","","6115","","BG29","66000","和平區","東勢地政事務所"
"387160000A","白毛","","6116","","BG29","66000","和平區","東勢地政事務所"
"387160000A","達觀","","6117","","BG29","66000","和平區","東勢地政事務所"
"387160000A","雪山","","6118","","BG29","66000","和平區","東勢地政事務所"
"387160000A","埋伏坪社","","6119","","BG29","66000","和平區","東勢地政事務所"
"387160000A","黑田","","6120","","BG29","66000","和平區","東勢地政事務所"
"387160000A","七卡","","6121","","BG29","66000","和平區","東勢地政事務所"
"387160000A","桃山","","6122","","BG29","66000","和平區","東勢地政事務所"
"387160000A","松嶺","","6123","","BG29","66000","和平區","東勢地政事務所"
"387160000A","松盧","","6124","","BG29","66000","和平區","東勢地政事務所"
"387160000A","龍谷","","6125","","BG29","66000","和平區","東勢地政事務所"
"387160000A","小雪山","","6126","","BG29","66000","和平區","東勢地政事務所"
"387160000A","鞍馬山","","6127","","BG29","66000","和平區","東勢地政事務所"
"387160000A","新山","","6128","","BG29","66000","和平區","東勢地政事務所"
"387160000A","佳保","","6129","","BG29","66000","和平區","東勢地政事務所"
"387160000A","自由","","6130","","BG29","66000","和平區","東勢地政事務所"
"387160000A","後山寮","","6131","","BG29","66000","和平區","東勢地政事務所"
"387160000A","苗圃","","6132","更正","BG29","66000","和平區","東勢地政事務所"
"387160000A","阿冷","","6133","","BG29","66000","和平區","東勢地政事務所"
"387160000A","光明","","6134","","BG29","66000","和平區","東勢地政事務所"
"387160000A","劍山","","6135","","BG29","66000","和平區","東勢地政事務所"
"387160000A","釜碗","","6136","","BG29","66000","和平區","東勢地政事務所"
"387160000A","壩新","","6137","","BG29","66000","和平區","東勢地政事務所"
"387160000A","三錐","","6138","","BG29","66000","和平區","東勢地政事務所"
"387160000A","大雪山","","6139","","BG29","66000","和平區","東勢地政事務所"
"387160000A","裡冷","","6140","","BG29","66000","和平區","東勢地政事務所"
"387160000A","沙蓮溪","","6141","","BG29","66000","和平區","東勢地政事務所"
"387160000A","天輪","","6142","","BG29","66000","和平區","東勢地政事務所"
"387160000A","東卯","","6143","","BG29","66000","和平區","東勢地政事務所"
"387160000A","鞍馬溪","","6144","","BG29","66000","和平區","東勢地政事務所"
"387160000A","火石","","6145","","BG29","66000","和平區","東勢地政事務所"
"387160000A","唐呂","","6146","更正","BG29","66000","和平區","東勢地政事務所"
"387160000A","十文溪","","6147","","BG29","66000","和平區","東勢地政事務所"
"387160000A","西川","","6148","","BG29","66000","和平區","東勢地政事務所"
"387160000A","天池","","6149","","BG29","66000","和平區","東勢地政事務所"
"387160000A","七棟寮","","6150","","BG29","66000","和平區","東勢地政事務所"
"387160000A","百川","","6151","","BG29","66000","和平區","東勢地政事務所"
"387160000A","出雲山","","6152","","BG29","66000","和平區","東勢地政事務所"
"387160000A","達盤","","6153","","BG29","66000","和平區","東勢地政事務所"
"387160000A","大木","","6154","","BG29","66000","和平區","東勢地政事務所"
"387160000A","仁壽","","6155","","BG29","66000","和平區","東勢地政事務所"
"387160000A","興隆","","6156","","BG29","66000","和平區","東勢地政事務所"
"387160000A","四季","","6157","","BG29","66000","和平區","東勢地政事務所"
"387160000A","池有","","6158","","BG29","66000","和平區","東勢地政事務所"
"387160000A","羅葉尾","","6159","","BG29","66000","和平區","東勢地政事務所"
"387160000A","有勝","","6160","","BG29","66000","和平區","東勢地政事務所"
"387160000A","南湖","","6161","","BG29","66000","和平區","東勢地政事務所"
"387160000A","中央","","6162","","BG29","66000","和平區","東勢地政事務所"
"387160000A","羅閑","","6163","","BG29","66000","和平區","東勢地政事務所"
"387160000A","無明","","6164","","BG29","66000","和平區","東勢地政事務所"
"387160000A","捫山","","6165","","BG29","66000","和平區","東勢地政事務所"
"387160000A","育苗","","6166","","BG29","66000","和平區","東勢地政事務所"
"387160000A","崑崙","","6167","","BG29","66000","和平區","東勢地政事務所"
"387160000A","中坑","","6168","","BG29","66000","和平區","東勢地政事務所"
"387160000A","橫流溪","","6169","","BG29","66000","和平區","東勢地政事務所"
"387160000A","東卯溪","","6170","","BG29","66000","和平區","東勢地政事務所"
"387160000A","稍來","","6171","","BG29","66000","和平區","東勢地政事務所"
"387160000A","白鹿","","6172","","BG29","66000","和平區","東勢地政事務所"
"387160000A","裡冷溪","","6173","","BG29","66000","和平區","東勢地政事務所"
"387160000A","八仙山","","6174","","BG29","66000","和平區","東勢地政事務所"
"387160000A","雪山坑","","6175","","BG29","66000","和平區","東勢地政事務所"
"387160000A","摩天嶺","","6176","","BG29","66000","和平區","東勢地政事務所"
"387160000A","烏石坑","","6177","","BG29","66000","和平區","東勢地政事務所"
"387160000A","觀音溪","","6178","","BG29","66000","和平區","東勢地政事務所"
"387160000A","合歡溪","","6179","","BG29","66000","和平區","東勢地政事務所"
"387160000A","白毛山","","6180","","BG29","66000","和平區","東勢地政事務所"
"387160000A","長興","","6181","","BG29","66000","和平區","東勢地政事務所